file	source	article_id	genre	topic	category	url	n_sentences	n_chars
bli-10273523353.txt	blic	10273523353	vest	pol-drustvo	drustvo	https://www.blic.rs/vesti/drustvo/sta-raditi-ako-dobijete-lazni-sms-za-kaznu-nova-prevara-kruzi-srbijom/4pwl9cp	8	2749
bli-10661856054.txt	blic	10661856054	vest	pol-drustvo	drustvo	https://www.blic.rs/vesti/drustvo/auto-put-e-75-u-zastoju-nesrece-kod-vodnja-i-begaljickog-brda-usporavaju-saobracaj/4wbsks6	5	851
bli-12250897430.txt	blic	12250897430	kolumna	pol-drustvo	politika	https://www.blic.rs/vesti/politika/cedomir-antic-pise-za-blic-o-mrznji/5mlv8ye	8	9388
bli-12874271836.txt	blic	12874271836	vest	kultura	kultura	https://www.blic.rs/kultura/proslavljeni-reditelj-emir-kusturica-otkriva-detalje-o-svom-filmu-posvecenom-moskvi/5wx0bq4	8	1498
bli-13382985284.txt	blic	13382985284	vest	pol-drustvo	politika	https://www.blic.rs/vesti/politika/nastavak-dijaloga-danas-u-briselu-delegaciju-beograda-predvodi-petkovic/65bvtj8	4	1348
bli-13582197086.txt	blic	13582197086	vest	ekonomija	biznis	https://www.blic.rs/biznis/vesti/goc-dobija-novu-turisticku-atrakciju-evo-sta-se-tacno-gradi/68mhmce	5	742
bli-14602151867.txt	blic	14602151867	vest	pol-drustvo	politika	https://www.blic.rs/vesti/politika/petar-petkovic-cestitao-vidovdan-srbima-na-kim/6phqshn	4	1613
bli-15033754859.txt	blic	15033754859	kolumna	pol-drustvo	politika	https://www.blic.rs/vesti/politika/cedomir-antic-pise-za-blic-nikada-nije-bilo-gore/6wmpjhn	8	10000
bli-18145131084.txt	blic	18145131084	vest	pol-drustvo	politika	https://www.blic.rs/vesti/politika/ana-brnabic-jadar-strateski-projekat-za-eu-dobra-vest-za-srbiju/8c354r0	8	4476
bli-19175683882.txt	blic	19175683882	vest	pol-drustvo	politika	https://www.blic.rs/vesti/politika/kfor-o-dronovima-mejd-in-kosovo-redovno-pratimo-vazdusni-prostor-kim/8t4pgdm	6	1176
bli-20798595648.txt	blic	20798595648	kolumna	pol-drustvo	politika	https://www.blic.rs/vesti/politika/tatjana-macura-pise-za-blic-dijalog-nije-ustupak-dijalog-je-odgovornost/9jyy340	8	9380
bli-26494592732.txt	blic	26494592732	vest	pol-drustvo	politika	https://www.blic.rs/vesti/politika/osvanuo-tajni-dokument-nemacke-francuske-i-jos-tri-zemlje-ogranicava-pravo-veta/c6672l8	8	5064
bli-27138866441.txt	blic	27138866441	vest	pol-drustvo	drustvo	https://www.blic.rs/vesti/drustvo/misteriozni-muskarac-u-crvenom-sokirao-prolaznike-u-novom-sadu-video/cgts3d5	5	824
bli-27357956365.txt	blic	27357956365	vest	pol-drustvo	drustvo	https://www.blic.rs/vesti/drustvo/mecava-na-zlatiboru-i-u-prijepolju-rhmz-u-upozorava-na-3-opasne-pojave/ckg7y8d	8	3060
bli-28453331941.txt	blic	28453331941	vest	pol-drustvo	drustvo	https://www.blic.rs/vesti/drustvo/u-ovom-gradu-u-srbiji-deca-na-potpuno-drugaciji-nacin-dolaze-u-vrtic/d2kdnfp	8	3768
bli-28702987466.txt	blic	28702987466	vest	svet	svet	https://www.blic.rs/vesti/svet/vitkof-nema-vesti-o-napretku-u-oslobadjanju-talaca-iz-gaze/d6p0mve	8	1503
bli-29621128562.txt	blic	29621128562	vest	pol-drustvo	politika	https://www.blic.rs/vesti/politika/demonstranti-ispred-kuce-djura-macuta-blokada-autokomande-otkazana/dlvnl2q	8	2552
bli-30537917607.txt	blic	30537917607	kolumna	pol-drustvo	politika	https://www.blic.rs/vesti/politika/cedomir-antic-pise-za-blic-o-demokratiji/e11hk13	8	10115
bli-3327590740.txt	blic	3327590740	vest	ekonomija	biznis	https://www.blic.rs/biznis/vesti/hrvatska-povlaci-sa-trzista-deciju-hranu-griz-zbog-plastike/1j15tg4	8	863
bli-33380391920.txt	blic	33380391920	vest	pol-drustvo	drustvo	https://www.blic.rs/vesti/drustvo/policija-i-vatrogasci-pritekli-u-pomoc-gradjanima-vanredna-situacija-u-11-opstina-u/fc1tn8w	8	2426
bli-33658871216.txt	blic	33658871216	vest	pol-drustvo	drustvo	https://www.blic.rs/vesti/drustvo/putevi-srbije-upalili-alarm-delu-srbije-veceras-preti-ledena-kisa/fgnmf8w	5	1372
bli-34999235599.txt	blic	34999235599	vest	svet	svet	https://www.blic.rs/vesti/svet/amerika-ostro-odbila-sokantnu-ponudu-teherana-ovo-je-kljucni-uslov-za-kraj-rata/g2tn30v	8	2056
bli-36009458462.txt	blic	36009458462	vest	pol-drustvo	drustvo	https://www.blic.rs/vesti/drustvo/stravicni-prizori-nevremena-kod-cacka-vetar-cupao-drvece-i-krovove-osteceno-vise-kuca/gjj3nz2	8	1710
bli-36086159212.txt	blic	36086159212	vest	kultura	kultura	https://www.blic.rs/kultura/retko-vidjena-slika-pjera-ogista-renoara-prodata-za-145-miliona-evra/gksrmng	5	926
bli-36147663713.txt	blic	36147663713	vest	pol-drustvo	drustvo	https://www.blic.rs/vesti/drustvo/strucnjaci-o-sprecavanju-femicida-treba-biti-na-oprezu-cak-i-kada-je-neko-osudjen/gltdvtt	8	2993
bli-41869799782.txt	blic	41869799782	vest	pol-drustvo	drustvo	https://www.blic.rs/vesti/drustvo/dva-teretna-vagona-iskliznula-iz-sina-u-subotici-oglasili-se-iz-infrastrukture/j8g749y	6	1615
bli-44489809034.txt	blic	44489809034	vest	pol-drustvo	beograd	https://www.blic.rs/vesti/beograd/svako-po-kolac-i-pice-i-ode-4000-dinara-spisak-ponude-i-cena-u-kucicama-u-centru/kfs30cq	8	1690
bli-44504394263.txt	blic	44504394263	vest	pol-drustvo	politika	https://www.blic.rs/vesti/politika/zelenski-se-oglasio-po-dolasku-u-srbiju-otkrio-o-cemu-ce-razgovarati-s-vucicem/kg0rmdz	8	2690
bli-44931989013.txt	blic	44931989013	vest	svet	svet	https://www.blic.rs/vesti/svet/sef-iaea-otkrio-u-kakvom-je-stanju-nuklearna-elektrana-zaporozje/kn3cglx	8	2915
bli-4501436039.txt	blic	4501436039	vest	pol-drustvo	beograd	https://www.blic.rs/vesti/beograd/decaka-14-dvojica-vrsnjaka-brutalno-tukla-u-skoli-u-beogradu-treci-sve-snimao/22g1e9z	8	727
bli-46800433886.txt	blic	46800433886	vest	pol-drustvo	politika	https://www.blic.rs/vesti/politika/oglasio-se-mup-o-policajcu-marku-beljanskom-i-incidentima-na-protestu-u-novom-sadu/lhzrpwe	6	1229
bli-49788632110.txt	blic	49788632110	vest	ekonomija	biznis	https://www.blic.rs/biznis/vesti/brent-nafta-pala-ispod-90-dolara-cena-najnizem-nivou-u-poslednja-2-meseca/mvev6em	8	1371
bli-50478568683.txt	blic	50478568683	vest	pol-drustvo	politika	https://www.blic.rs/vesti/politika/pristina-srbin-iz-istoka-oslobodjen-optuzbi-za-ratni-zlocin-u-zatvoru-dubrava/n6tmwvf	4	603
bli-50659446364.txt	blic	50659446364	kolumna	pol-drustvo	politika	https://www.blic.rs/vesti/politika/cedomir-antic-pise-za-blic-izdaja-kroz-istoriju/n9tbqzg	8	9752
bli-50940487061.txt	blic	50940487061	vest	pol-drustvo	beograd	https://www.blic.rs/vesti/beograd/popunjeni-skoro-svi-termini-za-vadjenje-pasosa-ako-ne-uspete-da-zakazete-ovo-vam-je/negnfdh	8	4727
bli-51675881736.txt	blic	51675881736	vest	svet	svet	https://www.blic.rs/vesti/svet/kako-je-dmitrij-medvedev-iskoristio-rat-u-ukrajini-da-uveca-svoje-bogatstvo/nqmhhjc	8	6644
bli-55144293120.txt	blic	55144293120	vest	pol-drustvo	drustvo	https://www.blic.rs/vesti/drustvo/egzodus-srba-iz-grcke-haos-na-evzoniju-formira-se-kolona-i-na-dojranu/pbzhkw0	7	1165
bli-56113552149.txt	blic	56113552149	vest	pol-drustvo	beograd	https://www.blic.rs/vesti/beograd/uredjenje-beogradskog-priobalja-i-ciscenje-reka-iz-save-izvuceni-sporeti-i-frizideri/ps0k5xx	8	4876
bli-57014420107.txt	blic	57014420107	vest	kultura	kultura	https://www.blic.rs/kultura/svetski-dan-pozorista-atelje-212-otvara-vrata-otkrijte-tajne-arhitekturu-i-nasledje/q6www3v	8	1596
bli-57393859413.txt	blic	57393859413	vest	pol-drustvo	politika	https://www.blic.rs/vesti/politika/umro-rajko-danilovic-zastupao-porodicu-djindjic-nakon-ubistva-premijera/qd6tlcl	8	919
bli-58258940117.txt	blic	58258940117	vest	pol-drustvo	politika	https://www.blic.rs/vesti/politika/ratku-mladicu-odbijen-zahtev-za-lecenje-u-srbiji/qrhv9w5	8	2685
bli-59148077949.txt	blic	59148077949	vest	pol-drustvo	drustvo	https://www.blic.rs/vesti/drustvo/gradjani-u-ovom-gradu-u-srbiji-nek-se-spreme-policija-krece-u-pojacanu-kontrolu/r678l19	4	1004
bli-60543088098.txt	blic	60543088098	vest	hronika	hronika	https://www.blic.rs/vesti/hronika/vracarci-ubili-vladimira-popovica-zvanog-vlada-pop-saradnika-luke-bojovica-u-punom/rt9shr6	8	3492
bli-60972962282.txt	blic	60972962282	vest	pol-drustvo	drustvo	https://www.blic.rs/vesti/drustvo/uzas-u-novom-pazaru-jasmin-u-bazenu-na-vikendici-zatekao-jeziv-prizor/s0dq6sq	8	1523
bli-63006732976.txt	blic	63006732976	vest	pol-drustvo	beograd	https://www.blic.rs/vesti/beograd/tri-osobe-povredjene-u-sudarima-pune-ruke-posla-za-hitnu-pomoc-u-beogradu/sy0kyb4	4	520
bli-65121201597.txt	blic	65121201597	vest	pol-drustvo	drustvo	https://www.blic.rs/vesti/drustvo/drama-kod-cacka-dvojica-monaha-i-vatrogasci-spasili-dete-sa-litice-visoke-15-metara/twzhcql	8	1264
bli-68156912677.txt	blic	68156912677	kolumna	pol-drustvo	politika	https://www.blic.rs/vesti/politika/cedomir-antic-kolumna-zasto-ne-volim-radikale/vb6v6ed	8	10861
bli-6905056231.txt	blic	6905056231	vest	pol-drustvo	politika	https://www.blic.rs/vesti/politika/kurti-kandidat-samoopredeljenja-za-premijera-na-izbore-ce-i-vjosa-osmani-ali-bez/3673bhj	6	1063
bli-69573754796.txt	blic	69573754796	kolumna	svet	politika	https://www.blic.rs/vesti/politika/cedomir-antic-pise-za-blic-u-crnoj-gori-je-moguce-biti-srbin-a-biti-protiv-srbije/vymf0rw	8	11305
bli-69908587751.txt	blic	69908587751	vest	svet	svet	https://www.blic.rs/vesti/svet/novi-talas-protesta-no-kings-u-sad-milioni-ce-izaci-na-ulice-na-protestima-protiv/w45rnjb	6	1090
bli-70334993493.txt	blic	70334993493	vest	pol-drustvo	politika	https://www.blic.rs/vesti/politika/novi-sef-euleksa-antero-lopes/wb7n0b9	8	1094
bli-70949011516.txt	blic	70949011516	vest	pol-drustvo	beograd	https://www.blic.rs/vesti/beograd/ministarka-sofronijevic-do-kraja-godine-bice-gotova-nova-zeleznicka-stanica-novi/wld7jng	8	2574
bli-71230383589.txt	blic	71230383589	vest	pol-drustvo	politika	https://www.blic.rs/vesti/politika/drasko-stanivukovic-nakon-izlaska-iz-pritvora-u-hrvatskoj-od-koga-i-od-cega-stitite/wq0qbqd	8	1678
bli-72749505364.txt	blic	72749505364	vest	pol-drustvo	drustvo	https://www.blic.rs/vesti/drustvo/zemljotres-jutros-pogodio-srbiju-epicentar-izmedju-dva-velika-srpska-grada/xf56dlg	4	390
bli-73198626059.txt	blic	73198626059	vest	hronika	hronika	https://www.blic.rs/vesti/hronika/decak-13-vozio-golf-pa-se-zakucao-u-vozilo-sa-bebom-uzas-kod-bijelog-polja/xmkklcb	7	1362
bli-7345015666.txt	blic	7345015666	vest	pol-drustvo	drustvo	https://www.blic.rs/vesti/drustvo/micin-ocekujem-da-ce-deo-zeleznicke-stanice-u-novom-sadu-biti-otvoren-do-15-septembra/3dh16cy	8	1953
bli-73740714019.txt	blic	73740714019	vest	pol-drustvo	politika	https://www.blic.rs/vesti/politika/milos-vucevic-na-pomenu-u-bratuncu-blokadama-nece-dovesti-do-politicke-promene/xvjbf37	8	6385
bli-73951088455.txt	blic	73951088455	vest	pol-drustvo	drustvo	https://www.blic.rs/vesti/drustvo/jutro-na-blic-30-godina-od-velikih-studentskih-protesta/xz0kh1j	8	1646
bli-74184149100.txt	blic	74184149100	vest	pol-drustvo	politika	https://www.blic.rs/vesti/politika/tuzilastvo-u-subotici-obustavilo-istragu-protiv-arbnora-spahijua/y2vbrsc	6	962
bli-74228882674.txt	blic	74228882674	vest	pol-drustvo	drustvo	https://www.blic.rs/vesti/drustvo/jeziva-svedocenja-gradjana-nakon-snaznog-zemljotresa-na-kosovu/y3lykfm	8	1600
bli-74351411120.txt	blic	74351411120	vest	pol-drustvo	beograd	https://www.blic.rs/vesti/beograd/kruzer-viktorija-uplovio-u-zemun-nemacki-turisti-odusevljeni-srpskim-gostoprimstvom/y5mwrzk	8	4629
bli-74432851928.txt	blic	74432851928	vest	pol-drustvo	drustvo	https://www.blic.rs/vesti/drustvo/besana-noc-za-lekare-u-ovom-gradu-u-srbiji-pacijenti-sa-povredama-zvali-hitnu/y6zec48	6	938
bli-74843587221.txt	blic	74843587221	vest	pol-drustvo	politika	https://www.blic.rs/vesti/politika/nada-radovan-tomanic-je-ratna-zlocinka-kakva-se-ne-pamti-zlostavljala-srpske-civile/ydrxthx	8	9032
bli-76444078788.txt	blic	76444078788	vest	pol-drustvo	politika	https://www.blic.rs/vesti/politika/mlada-srpska-politicarka-irena-bozinovski-sahranjena-na-svoj-rodjendan/z48twp0	7	2387
bli-77147429690.txt	blic	77147429690	vest	pol-drustvo	politika	https://www.blic.rs/vesti/politika/brnabic-otkrila-kako-je-srbija-razvila-bliske-veze-sa-ukrajinom/zfvl5q2	8	4897
bli-78075228580.txt	blic	78075228580	vest	pol-drustvo	beograd	https://www.blic.rs/vesti/beograd/zbog-nemanjinog-nestanka-redom-su-padale-glave-osumniceni-poubijani-misterija-traje/zv7z3xg	8	5584
bli-802067043.txt	blic	802067043	vest	svet	svet	https://www.blic.rs/vesti/svet/policajac-iz-ukrajine-pobegao-sa-400-hiljada-evra/0d9j2w3	6	954
bli-8050207320.txt	blic	8050207320	vest	pol-drustvo	drustvo	https://www.blic.rs/vesti/drustvo/produzen-zimski-raspust-na-kosovu-zbog-obilnih-padavina-i-poplava/3p4vvq0	6	1112
bli-8162721914.txt	blic	8162721914	vest	pol-drustvo	politika	https://www.blic.rs/vesti/politika/miodrag-linta-podici-spomenik-u-beogradu-deci-ubijenoj-u-ndh/3qzvgje	6	1581
bli-9099111866.txt	blic	9099111866	vest	pol-drustvo	politika	https://www.blic.rs/vesti/politika/kosovska-policija-na-brnjaku-oduzela-pecat-i-dokumenta-na-srpskom-jeziku/46hdjne	5	686
bli-917162424.txt	blic	917162424	vest	pol-drustvo	drustvo	https://www.blic.rs/vesti/drustvo/gradjani-oprez-voda-sa-7-mesta-u-ovom-gradu-srbije-nije-za-pice/0f61z20	4	740
dan-1034138882983.txt	danas	1034138882983	kolumna	ekonomija	kolumna	https://www.danas.rs/kolumna/misa-brkic/naftna-mrlja-isprljala-srbiju/	8	7676
dan-1077299556444.txt	danas	1077299556444	kolumna	kultura	kolumna	https://www.danas.rs/kolumna/dusko-bogdanovic/dekodiranje-diktatora/	8	4652
dan-127084395572.txt	danas	127084395572	vest	pol-drustvo	drustvo	https://www.danas.rs/vesti/drustvo/ubijen-muskarac-u-naselju-detelinara-u-novom-sadu-u-toku-potraga-za-pociniocem/	8	842
dan-127370657318.txt	danas	127370657318	kolumna	pol-drustvo	kolumna	https://www.danas.rs/kolumna/milan-st-protic/i-told-you-so-didnt-i/	8	6929
dan-195060797729.txt	danas	195060797729	kolumna	sport	kolumna	https://www.danas.rs/kolumna/ziva-vekecki/stub-srbstva-bez-srba/	8	2132
dan-195160670087.txt	danas	195160670087	kolumna	pol-drustvo	kolumna	https://www.danas.rs/kolumna/nenad-kulacin/otvoreno-pismo-studentima/	8	4403
dan-221656367654.txt	danas	221656367654	kolumna	pol-drustvo	kolumna	https://www.danas.rs/kolumna/marko-vidojkovic/nenormalni-tv-program/	8	2683
dan-223022264918.txt	danas	223022264918	kolumna	pol-drustvo	kolumna	https://www.danas.rs/kolumna/marko-vidojkovic/cale-i-cela-idu-iz-brisela/	8	2692
dan-234994195976.txt	danas	234994195976	kolumna	pol-drustvo	kolumna	https://www.danas.rs/kolumna/safeta-bisevac/zamena-stanovnistva/	8	3837
dan-273156172461.txt	danas	273156172461	kolumna	pol-drustvo	kolumna	https://www.danas.rs/kolumna/dragoljub-petrovic/bio-jednom-jedan-misa-baculov/	8	4942
dan-279080153667.txt	danas	279080153667	vest	pol-drustvo	drustvo	https://www.danas.rs/vesti/drustvo/manojlovic-sa-ovakvom-vlascu-se-ne-pregovara-i-ne-pravi-prelazna-vlada/	8	1499
dan-283305996123.txt	danas	283305996123	vest	ekonomija	ekonomija	https://www.danas.rs/vesti/ekonomija/ministarka-trgovine-trgovinski-lanac-karfur-zainteresovan-za-ulazak-na-srpsko-trziste/	8	1311
dan-300071456986.txt	danas	300071456986	vest	pol-drustvo	politika	https://www.danas.rs/vesti/politika/vucevic-o-izborima-i-pomeranju-satora-ispred-skupstine/	8	2910
dan-302863878731.txt	danas	302863878731	kolumna	pol-drustvo	redakcijski-komentar	https://www.danas.rs/dijalog/redakcijski-komentar/neprijatelji-i-junaci/	8	2551
dan-342624403880.txt	danas	342624403880	kolumna	hronika	licni-stavovi	https://www.danas.rs/dijalog/licni-stavovi/sarena-prica-o-slucaju-senjak/	8	2644
dan-349129965166.txt	danas	349129965166	kolumna	pol-drustvo	licni-stavovi	https://www.danas.rs/dijalog/licni-stavovi/licni-stav-dragana-delica-u-cemu-je-jedini-spas-za-sadasnju-vlast/	8	6485
dan-350606325793.txt	danas	350606325793	kolumna	pol-drustvo	kolumna	https://www.danas.rs/kolumna/dragoljub-petrovic/covek-koga-brane-vucic-anus-i-penis/	8	5717
dan-353908777753.txt	danas	353908777753	kolumna	pol-drustvo	kolumna	https://www.danas.rs/kolumna/marko-vidojkovic/sta-sve-covek-radi-za-lajkove/	8	2847
dan-356165045608.txt	danas	356165045608	vest	kultura	kultura	https://www.danas.rs/kultura/kultni-bend-the-necks-ponovo-u-beogradu-jedan-od-najvecih-bendova-na-svetu/	7	1024
dan-359298452358.txt	danas	359298452358	kolumna	pol-drustvo	kolumna	https://www.danas.rs/kolumna/marko-vidojkovic/baba-zvanga/	8	2778
dan-370481587188.txt	danas	370481587188	vest	pol-drustvo	drustvo	https://www.danas.rs/vesti/drustvo/dan-zalosti-u-sremskoj-mitrovici/	5	565
dan-371249651231.txt	danas	371249651231	kolumna	pol-drustvo	kolumna	https://www.danas.rs/kolumna/aleksej-kisjuhas/revolucija-pa-sta/	8	7993
dan-374730168556.txt	danas	374730168556	kolumna	pol-drustvo	kolumna	https://www.danas.rs/kolumna/bozidar-andrejic/ljudi-sa-soliter-porcijama-nikad-neobjavljeno-prica-o-katakombi-adeli-i-ljupkim-lesinarima-3/	8	2914
dan-388455945945.txt	danas	388455945945	kolumna	pol-drustvo	kolumna	https://www.danas.rs/kolumna/nemanja-rujevic/i-zlobog-je-bog/	8	4806
dan-390414344818.txt	danas	390414344818	kolumna	pol-drustvo	licni-stavovi	https://www.danas.rs/dijalog/licni-stavovi/doktorka-protiv-svojih-kolega/	8	4810
dan-393301420124.txt	danas	393301420124	kolumna	pol-drustvo	kolumna	https://www.danas.rs/kolumna/marko-vidojkovic/djubre-i-pare-za-hram/	8	2659
dan-41704243850.txt	danas	41704243850	kolumna	svet	licni-stavovi	https://www.danas.rs/dijalog/licni-stavovi/pustiti-vucicevica-u-crnu-goru/	7	1850
dan-41978470888.txt	danas	41978470888	kolumna	pol-drustvo	licni-stavovi	https://www.danas.rs/dijalog/licni-stavovi/nema-dijaloga-sa-jurisnim-odredima/	4	769
dan-419895962630.txt	danas	419895962630	kolumna	pol-drustvo	licni-stavovi	https://www.danas.rs/dijalog/licni-stavovi/tekst-aleksandra-dikica-napisan-u-pritvoru-sedam-hiljada-sibirskih-sekundi-kroz-tamnicki-prozor/	8	4322
dan-451304427954.txt	danas	451304427954	vest	sport	sport	https://www.danas.rs/sport/tadija-dragicevic-zvezda/	8	1988
dan-472807206306.txt	danas	472807206306	vest	pol-drustvo	politika	https://www.danas.rs/vesti/politika/evropska-komisija-srbija-prekrsila-briselski-sporazum-iz-2015/	8	1398
dan-473030740077.txt	danas	473030740077	vest	pol-drustvo	drustvo	https://www.danas.rs/vesti/drustvo/katanci-otkazi-i-beg-od-medija-ko-je-celnica-niske-gimnazije-stevan-sremac-cija-se-ostavka-trazi-na-protestu/	8	7826
dan-477652944950.txt	danas	477652944950	vest	pol-drustvo	drustvo	https://www.danas.rs/vesti/drustvo/nis-protest-informativni-bilten/	8	3241
dan-485685474589.txt	danas	485685474589	kolumna	pol-drustvo	kolumna	https://www.danas.rs/kolumna/vladimir-jokic/proslava/	8	2067
dan-510123298899.txt	danas	510123298899	kolumna	pol-drustvo	licni-stavovi	https://www.danas.rs/dijalog/licni-stavovi/buducnost-vucicevih-ljudi/	8	2383
dan-52164773530.txt	danas	52164773530	kolumna	pol-drustvo	kolumna	https://www.danas.rs/kolumna/marko-selic-marcelo/sifrovano-udvaranje/	8	4657
dan-524955297269.txt	danas	524955297269	vest	pol-drustvo	drustvo	https://www.danas.rs/vesti/drustvo/privedeni-drzavljani-bih-kod-cacilenda-nisu-imali-prijavljen-boravak-kod-jedne-osobe-nadjen-bokser/	4	507
dan-579711375602.txt	danas	579711375602	kolumna	pol-drustvo	kolumna	https://www.danas.rs/kolumna/safeta-bisevac/pobeda-bez-porazenih/	8	3574
dan-616629800977.txt	danas	616629800977	kolumna	svet	kolumna	https://www.danas.rs/kolumna/pavle-simjanovic/vidimo-se-u-nekom-drugom-slobodnom-filmu/	8	5576
dan-628001085166.txt	danas	628001085166	kolumna	pol-drustvo	licni-stavovi	https://www.danas.rs/dijalog/licni-stavovi/prvi-put-vucic-nije-onako-huliganski-mahao-pesnicama/	8	4962
dan-636811335761.txt	danas	636811335761	vest	sport	sport	https://www.danas.rs/sport/srbija-saznala-poslednjeg-rivala-u-kvalifikacijama-za-mundobasket/	7	950
dan-699151381405.txt	danas	699151381405	kolumna	pol-drustvo	kolumna	https://www.danas.rs/kolumna/safeta-bisevac/reci-i-lazireci/	8	3790
dan-69919169093.txt	danas	69919169093	kolumna	pol-drustvo	kolumna	https://www.danas.rs/kolumna/bratislav-braca-markovic/zasto-pises-i-mislis-kad-nisi-pavle/	8	5303
dan-738596140573.txt	danas	738596140573	kolumna	kultura	kolumna	https://www.danas.rs/kolumna/pavle-simjanovic/zakoni-levitskog-uzasa/	8	5261
dan-750327860714.txt	danas	750327860714	kolumna	svet	licni-stavovi	https://www.danas.rs/dijalog/licni-stavovi/nema-plakanja-u-kazinu/	8	3695
dan-755167115591.txt	danas	755167115591	kolumna	pol-drustvo	kolumna	https://www.danas.rs/kolumna/bozidar-andrejic/ekskluziva-stara-50-godina-praksa-3/	8	2855
dan-760585665622.txt	danas	760585665622	kolumna	pol-drustvo	licni-stavovi	https://www.danas.rs/dijalog/licni-stavovi/zar-to-nije-dovoljno-da-stanemo-uz-njih/	8	4562
dan-762897715204.txt	danas	762897715204	vest	ekonomija	ekonomija	https://www.danas.rs/vesti/ekonomija/djajic-ne-postoji-razlog-da-se-rusi-zgrada-zeleznicke-stanice/	8	5301
dan-799233598578.txt	danas	799233598578	vest	svet	svet	https://www.danas.rs/svet/gordon-braun-optuznice-putin-ukrajina/	8	4976
dan-809962852959.txt	danas	809962852959	vest	svet	svet	https://www.danas.rs/svet/ema-broks-dzefri-epstin-fajlovi/	8	5252
dan-829739063252.txt	danas	829739063252	vest	pol-drustvo	drustvo	https://www.danas.rs/vesti/drustvo/slobodan-univerzitet-centar-za-drustvenu-stabilnost-preti-profesorima-univerziteta-u-novom-sadu/	8	2030
dan-835985637654.txt	danas	835985637654	vest	pol-drustvo	drustvo	https://www.danas.rs/vesti/drustvo/u-cacku-veceras-skup-podrske-dijani-hrka/	4	669
dan-836641463989.txt	danas	836641463989	kolumna	pol-drustvo	kolumna	https://www.danas.rs/kolumna/dusko-bogdanovic/letnje-seme-2/	8	5201
dan-837524141234.txt	danas	837524141234	kolumna	pol-drustvo	kolumna	https://www.danas.rs/kolumna/nemanja-rujevic/kvadratura-lompara/	8	5028
dan-848007019343.txt	danas	848007019343	kolumna	ekonomija	kolumna	https://www.danas.rs/kolumna/misa-brkic/istorijski-dogovor-srba-i-hrvata-oko-buducnosti-krasove-bajadere/	8	7376
dan-850853213181.txt	danas	850853213181	kolumna	pol-drustvo	kolumna	https://www.danas.rs/kolumna/nemanja-rujevic/neke-se-pobede-ne-dobijaju-na-juris/	8	4532
dan-861209451198.txt	danas	861209451198	kolumna	pol-drustvo	kolumna	https://www.danas.rs/kolumna/aleksej-kisjuhas/najnovija-levica/	8	8052
dan-872698080602.txt	danas	872698080602	kolumna	pol-drustvo	redakcijski-komentar	https://www.danas.rs/dijalog/redakcijski-komentar/kad-ce-beograd-prestati-da-bude-kazablanka/	8	2574
dan-918945551232.txt	danas	918945551232	kolumna	ekonomija	licni-stavovi	https://www.danas.rs/dijalog/licni-stavovi/zakociti-sa-infrastrukturnim-investicijama/	8	4330
dan-950000478638.txt	danas	950000478638	vest	pol-drustvo	drustvo	https://www.danas.rs/vesti/drustvo/marinkovic-izmene-pravosudnih-zakona-snizavaju-standarde-i-jacaju-moc-glavnih-tuzilaca/	8	1354
dan-960880264478.txt	danas	960880264478	kolumna	sport	kolumna	https://www.danas.rs/kolumna/ziva-vekecki/od-trofeja-se-ne-zivi/	8	3123
dan-974679248862.txt	danas	974679248862	kolumna	sport	licni-stavovi	https://www.danas.rs/dijalog/licni-stavovi/olimpijski-komitet-mesni-odbor-sns/	8	4888
dan-983130627570.txt	danas	983130627570	kolumna	pol-drustvo	kolumna	https://www.danas.rs/kolumna/vladimir-jokic/uzaludan-ljubavni-trud/	8	1711
dan-991507817792.txt	danas	991507817792	vest	pol-drustvo	drustvo	https://www.danas.rs/vesti/drustvo/skolsko-dvoriste-raskopano-direktorka-kaze-da-je-bezbedno-os-oslobodioci-beograda-pocela-sa-radom-posle-rekonstrukcije/	8	1982
dan-997701263776.txt	danas	997701263776	kolumna	pol-drustvo	kolumna	https://www.danas.rs/kolumna/marko-vidojkovic/nasa-nova-predsednica/	8	2767
n1i-124956.txt	n1info	124956	kolumna	pol-drustvo	Kolumne/draza-petrovic	https://n1info.rs/kolumne/draza-petrovic/svaki-svoga-ubite-pokojnika-kolumna-draza-petrovic/	8	5047
n1i-148573.txt	n1info	148573	kolumna	svet	Kolumne	https://n1info.rs/kolumne/o-mojoj-majci-crkvi-i-bogu/	8	2058
n1i-154621.txt	n1info	154621	kolumna	svet	Kolumne/ljubodrag-stojadinovic	https://n1info.rs/kolumne/ljubodrag-stojadinovic/barjak-boje-sutona/	8	4029
n1i-173382.txt	n1info	173382	vest	kultura	Kultura	https://n1info.rs/kultura/pronadjene-slike-ukradene-sezan-matis-renoar/	7	1106
n1i-181650.txt	n1info	181650	vest	pol-drustvo	Nase price	https://n1info.rs/vesti/postari-kao-anketari-predsednik-vucic-pisao-penzionerima-crta-upozorava-na-ozbiljnu-zloupotrebu/	8	3839
n1i-184573.txt	n1info	184573	kolumna	pol-drustvo	Kolumne/boris-dezulovic	https://n1info.rs/kolumne/boris-dezulovic/nova-kolumna-borisa-dezulovica-apsolutna-odlucnost/	8	7885
n1i-194167.txt	n1info	194167	vest	pol-drustvo	Ustavokrsitelj	https://n1info.rs/ustavokrsitelj/nenadlezni-predsednik-vucic-i-tuzioci-od-pada-nastresnice-do-danas-od-sugestija-do-pretnji-gonjenjem/	8	10193
n1i-207824.txt	n1info	207824	kolumna	ekonomija	Kolumne/biljana-stepanovic	https://n1info.rs/kolumne/biljana-stepanovic/amateri-i-hobisti-da-idu-kuci-politika-je-krupan-biznis/	8	7306
n1i-244258.txt	n1info	244258	kolumna	pol-drustvo	Kolumne/ljubodrag-stojadinovic	https://n1info.rs/kolumne/ljubodrag-stojadinovic/marfijev-zakon-u-vucijevoj-ludnici/	8	3359
n1i-259296.txt	n1info	259296	kolumna	pol-drustvo	Kolumne	https://n1info.rs/kolumne/u-americi-bi-opasnost-od-kopanja-litijuma-i-ruda-brzo-shvatili/	8	2307
n1i-261679.txt	n1info	261679	vest	pol-drustvo	Ustavokrsitelj	https://n1info.rs/ustavokrsitelj/tanasije-marinkovic-jos-jedna-vuciceva-neustavna-ponuda-o-referendumu-o-razresenju/	8	4548
n1i-272016.txt	n1info	272016	kolumna	svet	Kolumne/ljubodrag-stojadinovic	https://n1info.rs/kolumne/ljubodrag-stojadinovic/sule-neodoljiv-neumoljiv/	8	4396
n1i-286741.txt	n1info	286741	kolumna	kultura	Kolumne/draza-petrovic	https://n1info.rs/kolumne/draza-petrovic/bulevari-vojvode-misica-i-corsokaci-ratka-mladica/	8	5204
n1i-288928.txt	n1info	288928	kolumna	hronika	Kolumne/ljubodrag-stojadinovic	https://n1info.rs/kolumne/ljubodrag-stojadinovic/okostavanje-mozga-poslednji-stadijum-tiranije/	8	3991
n1i-289896.txt	n1info	289896	kolumna	pol-drustvo	Kolumne/draza-petrovic	https://n1info.rs/kolumne/draza-petrovic/draza-petrovic-kolumna-novak-djokovic-cacilend-milos-pavlovic/	8	5235
n1i-315167.txt	n1info	315167	kolumna	svet	Kolumne/boris-dezulovic	https://n1info.rs/kolumne/boris-dezulovic/otkud-plenkovic-u-epsteinovim-mailovima/	8	8162
n1i-319384.txt	n1info	319384	vest	pol-drustvo	Nase price	https://n1info.rs/svet/pravni-status-fetusa-kao-linosti-u-sad/	8	9565
n1i-320280.txt	n1info	320280	kolumna	pol-drustvo	Kolumne/ljubodrag-stojadinovic	https://n1info.rs/kolumne/ljubodrag-stojadinovic/umobolna-monodrama/	8	4458
n1i-328638.txt	n1info	328638	kolumna	hronika	Kolumne/draza-petrovic	https://n1info.rs/kolumne/draza-petrovic/zivotopis-sinise-vucinica-vojvode-za-branje-kukuruza/	8	5673
n1i-330787.txt	n1info	330787	kolumna	pol-drustvo	Kolumne/draza-petrovic	https://n1info.rs/kolumne/draza-petrovic/drzi-bure-vodju-dok-izbori-prodju/	7	5162
n1i-341790.txt	n1info	341790	vest	svet	Region	https://n1info.rs/region/podgoricko-vise-drzavno-tuzilastvo-formiralo-predmet-protiv-mitropolita-metodija-zbog-velicanja-mladica/	6	1790
n1i-362140.txt	n1info	362140	kolumna	pol-drustvo	Kolumne/ljubodrag-stojadinovic	https://n1info.rs/kolumne/ljubodrag-stojadinovic/andjelkovi-sinovi/	8	4198
n1i-372766.txt	n1info	372766	vest	pol-drustvo	Nase price	https://n1info.rs/vesti/priprema-za-skolu-sta-djak-prvak-treba-da-zna/	8	6195
n1i-376228.txt	n1info	376228	kolumna	pol-drustvo	Kolumne/draza-petrovic	https://n1info.rs/kolumne/draza-petrovic/kako-je-krug-dvojke-pobedio-naprednjake/	8	4910
n1i-378528.txt	n1info	378528	vest	svet	Region	https://n1info.rs/region/vicepremijer-hrvatske-najavio-poteze-prema-srbiji-kada-se-dogovore-sabor-vlada-i-predsednik/	7	1368
n1i-394443.txt	n1info	394443	vest	pol-drustvo	Ustavokrsitelj	https://n1info.rs/ustavokrsitelj/kako-je-predsednik-preuzeo-ulogu-premijera/	8	8162
n1i-405916.txt	n1info	405916	vest	pol-drustvo	Ustavokrsitelj	https://n1info.rs/ustavokrsitelj/profesori-ustavnog-prava-kada-bi-mi-student-rekao-da-ministar-odgovara-predsedniku-ne-bi-polozio/	8	7553
n1i-413363.txt	n1info	413363	vest	pol-drustvo	Nase price	https://n1info.rs/vesti/vucic-pristina-i-formiranje-zajednice-srpskih-opstina/	8	5801
n1i-413598.txt	n1info	413598	kolumna	svet	Kolumne/boris-dezulovic	https://n1info.rs/kolumne/boris-dezulovic/balada-o-ronaldu-iz-knina/	8	7831
n1i-417709.txt	n1info	417709	vest	pol-drustvo	Nase price	https://n1info.rs/vesti/nove-tehnologije-na-izborima-iskustva-region-srbija/	8	11717
n1i-422531.txt	n1info	422531	vest	svet	Nase price	https://n1info.rs/svet/legendarni-boks-mec-dzo-luis-maks-smeling-ruzvelt-hitler/	8	11199
n1i-425235.txt	n1info	425235	kolumna	pol-drustvo	Kolumne	https://n1info.rs/kolumne/presslaganje-vuciceva-maturska-ekskurzija/	8	2971
n1i-433443.txt	n1info	433443	kolumna	pol-drustvo	Kolumne/ljubodrag-stojadinovic	https://n1info.rs/kolumne/ljubodrag-stojadinovic/cezar-svercer-turskih-gaca/	8	4849
n1i-441823.txt	n1info	441823	kolumna	svet	Kolumne/ljubodrag-stojadinovic	https://n1info.rs/kolumne/ljubodrag-stojadinovic/novogodisnja-arka/	8	4534
n1i-465919.txt	n1info	465919	kolumna	sport	Kolumne/ljubodrag-stojadinovic	https://n1info.rs/kolumne/ljubodrag-stojadinovic/nemanja-iz-srbije/	8	4924
n1i-467835.txt	n1info	467835	kolumna	pol-drustvo	Kolumne/biljana-stepanovic	https://n1info.rs/kolumne/biljana-stepanovic/koliko-ce-jos-izdrzati-telesina-na-staklenim-nozicama-i-sta-cemo-u-danu-posle/	8	4708
n1i-501488.txt	n1info	501488	kolumna	pol-drustvo	Kolumne/biljana-stepanovic	https://n1info.rs/kolumne/biljana-stepanovic/vasa-deca-nisu-vasa-deca-ona-lome-sudbinu-srbije/	8	5845
n1i-514975.txt	n1info	514975	kolumna	pol-drustvo	Kolumne/ljubodrag-stojadinovic	https://n1info.rs/kolumne/ljubodrag-stojadinovic/usta-puna-zemlje/	8	4462
n1i-531933.txt	n1info	531933	kolumna	pol-drustvo	Kolumne/draza-petrovic	https://n1info.rs/kolumne/draza-petrovic/bitka-kod-vulina-i-dobojena-revolucija/	8	4733
n1i-537390.txt	n1info	537390	vest	pol-drustvo	Nase price	https://n1info.rs/vesti/spc-osniva-svoj-univerzitet-sta-je-jos-predvidjeno-izmenama-zakona-o-crkvama/	8	4086
n1i-539601.txt	n1info	539601	kolumna	pol-drustvo	Kolumne/draza-petrovic	https://n1info.rs/kolumne/draza-petrovic/cacilendologija-nauku-o-cacilendu-nova-kolumna-draze-petrovica/	8	5078
n1i-546031.txt	n1info	546031	kolumna	pol-drustvo	Kolumne	https://n1info.rs/kolumne/ana-na-litijumske-baterije/	8	3835
n1i-568445.txt	n1info	568445	vest	pol-drustvo	Ustavokrsitelj	https://n1info.rs/ustavokrsitelj/akademska-zajednica-vucic-sprovodi-drzavni-udar-sudije-i-tuzioci-da-preduzmu-hitne-mere/	7	1777
n1i-580762.txt	n1info	580762	kolumna	ekonomija	Kolumne/ljubodrag-stojadinovic	https://n1info.rs/kolumne/ljubodrag-stojadinovic/umobolna-drama-kolumna-ljubodrag-stojadinovic/	8	3621
n1i-583616.txt	n1info	583616	kolumna	pol-drustvo	Kolumne/biljana-stepanovic	https://n1info.rs/kolumne/biljana-stepanovic/cena-odlaska-dotrajalog-rezima-kruze-razne-teorije/	8	4680
n1i-593928.txt	n1info	593928	kolumna	pol-drustvo	Kolumne/biljana-stepanovic	https://n1info.rs/kolumne/biljana-stepanovic/da-li-se-to-vrhovni-caci-sprema-za-diktaturu-ili-se-samo-igra-vatrom/	8	8129
n1i-596397.txt	n1info	596397	vest	svet	Region	https://n1info.rs/region/grahovo-pod-opsadom-crnogorska-policija-intenzivno-traga-za-ljubom-milovicem/	8	6013
n1i-596877.txt	n1info	596877	kolumna	pol-drustvo	Kolumne/draza-petrovic	https://n1info.rs/kolumne/draza-petrovic/vuk-i-dva-praseta-u-informeru-draza-kolumna/	8	4562
n1i-597570.txt	n1info	597570	vest	ekonomija	Biznis	https://n1info.rs/biznis/dokle-se-stiglo-sa-projektom-brze-pruge-beograd-nis/	8	3662
n1i-599490.txt	n1info	599490	kolumna	pol-drustvo	Kolumne/draza-petrovic	https://n1info.rs/kolumne/draza-petrovic/da-vucic-ode-a-da-se-sarovic-ne-vrati/	8	5682
n1i-605587.txt	n1info	605587	vest	pol-drustvo	Ustavokrsitelj	https://n1info.rs/ustavokrsitelj/studenti-pravnog-u-novom-sadu-vucic-da-se-javno-izvini-prozvanim-dekanima/	8	2183
n1i-609675.txt	n1info	609675	kolumna	svet	Kolumne/boris-dezulovic	https://n1info.rs/kolumne/boris-dezulovic/zakon-o-javnom-lincu/	8	8172
n1i-648790.txt	n1info	648790	kolumna	pol-drustvo	Kolumne/ljubodrag-stojadinovic	https://n1info.rs/kolumne/ljubodrag-stojadinovic/kolumna-ljubodraga-stojadinovica-izopaceno-lice-drzavne-prinude/	8	4632
n1i-657783.txt	n1info	657783	kolumna	pol-drustvo	Kolumne/biljana-stepanovic	https://n1info.rs/kolumne/biljana-stepanovic/sta-to-videsmo-u-malom-zvorniku/	8	5528
n1i-660704.txt	n1info	660704	kolumna	svet	Kolumne/boris-dezulovic	https://n1info.rs/kolumne/boris-dezulovic/kolumna-boris-dezulovic-kanye-west-na-hip-hopodromu/	8	7743
n1i-663709.txt	n1info	663709	kolumna	svet	Kolumne/draza-petrovic	https://n1info.rs/kolumne/draza-petrovic/zitije-svetog-zeksa/	8	4553
n1i-668917.txt	n1info	668917	kolumna	pol-drustvo	Kolumne/ljubodrag-stojadinovic	https://n1info.rs/kolumne/ljubodrag-stojadinovic/skitnica-mrzi-vozove-kolumna-ljubodrag-stojadinovic/	8	4237
n1i-716415.txt	n1info	716415	vest	pol-drustvo	Nase price	https://n1info.rs/zeleni-kutak/javnost-i-dalje-nema-potpune-i-azurirane-podatke-sta-je-sa-katastrom-rudarskog-otpada/	8	9206
n1i-717253.txt	n1info	717253	kolumna	pol-drustvo	Kolumne	https://n1info.rs/kolumne/veliki-mestar-sviju-hulja-pretnje-nasoj-lepoj-deci/	8	5616
n1i-720270.txt	n1info	720270	vest	pol-drustvo	Nase price	https://n1info.rs/vesti/opozicija-nekad-i-sad-avgust-1999-dos-nesloga/	8	7778
n1i-722816.txt	n1info	722816	kolumna	pol-drustvo	Kolumne/ljubodrag-stojadinovic	https://n1info.rs/kolumne/ljubodrag-stojadinovic/ostala-je-samo-ulica-kolumna-ljubodrag-stojadinovic/	8	3923
n1i-726865.txt	n1info	726865	kolumna	pol-drustvo	Kolumne/draza-petrovic	https://n1info.rs/kolumne/draza-petrovic/draza-petrovic-kolumna-drustvo-propalih-tenisera/	8	4930
n1i-742971.txt	n1info	742971	vest	pol-drustvo	Nase price	https://n1info.rs/vesti/pravac-potocari-zasto-niko-ne-kaznjava-slavljenje-ratnog-zlocinca-i-genocida/	8	5739
n1i-746572.txt	n1info	746572	vest	svet	Region	https://n1info.rs/region/cvijanovic-konakovic-ne-moze-da-proteruje-diplomate-srbije-saglasnost-daje-savet-ministara-bih/	8	1970
n1i-763930.txt	n1info	763930	kolumna	svet	Kolumne/ljubodrag-stojadinovic	https://n1info.rs/kolumne/ljubodrag-stojadinovic/vatromet-u-mocvari/	8	3817
n1i-770591.txt	n1info	770591	kolumna	pol-drustvo	Kolumne/draza-petrovic	https://n1info.rs/kolumne/draza-petrovic/besplatan-vodic-ukradi-sam-u-beogradu-kolumna-draze-petrovica/	8	5097
n1i-786986.txt	n1info	786986	kolumna	pol-drustvo	Kolumne/ljubodrag-stojadinovic	https://n1info.rs/kolumne/ljubodrag-stojadinovic/nije-asad-ali-moze-da-leti/	8	4941
n1i-803780.txt	n1info	803780	kolumna	ekonomija	Kolumne/draza-petrovic	https://n1info.rs/kolumne/draza-petrovic/memorandum-o-srpskim-naprednim-sirovinama/	8	4269
n1i-814434.txt	n1info	814434	kolumna	pol-drustvo	Kolumne/draza-petrovic	https://n1info.rs/kolumne/draza-petrovic/predsednik-je-pod-video-nadzorom/	8	4672
n1i-818178.txt	n1info	818178	kolumna	pol-drustvo	Kolumne/draza-petrovic	https://n1info.rs/kolumne/draza-petrovic/kolumna-draze-petrovica-mama-tata-predsednik-i-podkast/	8	5151
n1i-837189.txt	n1info	837189	vest	ekonomija	Nase price	https://n1info.rs/vesti/kako-da-znate-da-vam-je-telefon-zarazen-spijunskim-softverom/	8	5838
n1i-861102.txt	n1info	861102	kolumna	hronika	Kolumne/boris-dezulovic	https://n1info.rs/kolumne/boris-dezulovic/kolumna-borisa-dezulovica-glavu-gore/	8	8067
n1i-862314.txt	n1info	862314	vest	pol-drustvo	Ustavokrsitelj	https://n1info.rs/ustavokrsitelj/profesor-tanasije-marinkovic-srbija-nedovrsena-drzava-ustav/	8	7131
n1i-865459.txt	n1info	865459	kolumna	pol-drustvo	Kolumne/draza-petrovic	https://n1info.rs/kolumne/draza-petrovic/madjar-koji-je-lajao-av-av-av/	8	4598
n1i-867896.txt	n1info	867896	kolumna	svet	Kolumne/ljubodrag-stojadinovic	https://n1info.rs/kolumne/ljubodrag-stojadinovic/tajna-kamilje-dlake/	8	5002
n1i-884250.txt	n1info	884250	kolumna	sport	Kolumne/ljubodrag-stojadinovic	https://n1info.rs/kolumne/ljubodrag-stojadinovic/ciji-si-ti-stojkovicu/	8	4158
n1i-901147.txt	n1info	901147	vest	svet	Region	https://n1info.rs/region/veritas-33-godine-od-napada-hrvatske-vojske-na-podvelebitska-srpska-sela-sada-je-tu-deponija/	8	1600
n1i-917305.txt	n1info	917305	kolumna	pol-drustvo	Kolumne/draza-petrovic	https://n1info.rs/kolumne/draza-petrovic/srbiji-treba-prelazni-predsednik/	8	4630
n1i-920465.txt	n1info	920465	kolumna	pol-drustvo	Kolumne/draza-petrovic	https://n1info.rs/kolumne/draza-petrovic/dzeki-cen-u-odbrani-srpskih-pandi/	8	4663
n1i-927147.txt	n1info	927147	kolumna	pol-drustvo	Kolumne	https://n1info.rs/kolumne/tri-i-po-godine-tehnicke-i-nestabilne-vladavine-naprednjaka/	8	3930
n1i-928873.txt	n1info	928873	kolumna	svet	Kolumne/ljubodrag-stojadinovic	https://n1info.rs/kolumne/ljubodrag-stojadinovic/kraj-evolucije-jelene-milic/	8	5617
n1i-933448.txt	n1info	933448	kolumna	pol-drustvo	Kolumne/ljubodrag-stojadinovic	https://n1info.rs/kolumne/ljubodrag-stojadinovic/sezona-raspamecenih-kraljeva/	8	4760
n1i-968871.txt	n1info	968871	kolumna	svet	Kolumne/boris-dezulovic	https://n1info.rs/kolumne/boris-dezulovic/boris-dezulovic-kolumne-marko-perkovic-thompson/	8	8564
n1i-976710.txt	n1info	976710	kolumna	pol-drustvo	Kolumne/draza-petrovic	https://n1info.rs/kolumne/draza-petrovic/tri-lepe-ane-brnabic/	8	4246
n1i-992196.txt	n1info	992196	kolumna	pol-drustvo	Kolumne/biljana-stepanovic	https://n1info.rs/kolumne/biljana-stepanovic/sent-ridzis-i-politicki-brutalizam/	8	4885
n1i-995339.txt	n1info	995339	vest	pol-drustvo	Ustavokrsitelj	https://n1info.rs/ustavokrsitelj/birodi-vucic-kroz-stalne-medijske-nastupe-sprovodi-fakticku-izbornu-kampanju-krsi-ustav-i-zakone/	6	1479
pol-715941.txt	politika	715941	vest	pol-drustvo	srbija	https://www.politika.rs/sr/clanak/715941/kroz-zivot-uzicke-osmoletke-o-skolstvu-nekad-i-sad	8	3316
pol-718657.txt	politika	718657	vest	pol-drustvo	srbija	https://www.politika.rs/sr/clanak/718657/sve-ma-nje-ce-stit-ki-s-du-som	8	3569
pol-720221.txt	politika	720221	vest	pol-drustvo	srbija	https://www.politika.rs/sr/clanak/720221/spo-me-nik-kraj-je-za-ve-zr-tva-ma-ko-mu-ni-sta	8	4110
pol-724571.txt	politika	724571	vest	pol-drustvo	srbija	https://www.politika.rs/sr/clanak/724571/u-no-vu-go-di-nu-s-no-vim-ime-nom	8	3556
pol-747221.txt	politika	747221	kolumna	svet	pogledi	https://www.politika.rs/sr/clanak/747221/kako-su-nastali-petrodolari-i-rat-na-bliskom-istoku	8	8596
pol-748724.txt	politika	748724	kolumna	pol-drustvo	pogledi	https://www.politika.rs/sr/clanak/748724/cemu-se-nadate	8	6369
pol-749395.txt	politika	749395	kolumna	pol-drustvo	pogledi	https://www.politika.rs/sr/clanak/749395/vidova-pravda	8	7559
pol-749400.txt	politika	749400	kolumna	pol-drustvo	pogledi	https://www.politika.rs/sr/clanak/749400/haos-na-srpskim-univerzitetima-apsolutno-je-nezamisliv-u-americi	8	5744
pol-749912.txt	politika	749912	kolumna	pol-drustvo	pogledi	https://www.politika.rs/sr/clanak/749912/evropske-sile-ne-cekaju-ekoloske-dozvole-sa-ulice	8	3028
pol-750140.txt	politika	750140	kolumna	pol-drustvo	pogledi	https://www.politika.rs/sr/clanak/750140/desmitovanje-bosne-i-hercegovine	8	7959
pol-750838.txt	politika	750838	kolumna	pol-drustvo	pogledi	https://www.politika.rs/sr/clanak/750838/vandalizovanje-pravoslavne-svetinje-u-centru-zagreba	8	7703
pol-752256.txt	politika	752256	kolumna	pol-drustvo	pogledi	https://www.politika.rs/sr/clanak/752256/pravo-i-pravda-po-marti-kos	8	8284
pol-754422.txt	politika	754422	kolumna	pol-drustvo	pogledi	https://www.politika.rs/sr/clanak/754422/venecijanska-komisija-kao-medunarodni-ustavni-sud	8	3686
pol-754679.txt	politika	754679	kolumna	pol-drustvo	pogledi	https://www.politika.rs/sr/clanak/754679/kazuj-zeljko-jesi-li-vestica	8	13344
pol-756279.txt	politika	756279	kolumna	pol-drustvo	pogledi	https://www.politika.rs/sr/clanak/756279/nekoliko-cinjenica-o-laznoj-studentskoj-listi	8	5402
pol-756787.txt	politika	756787	kolumna	pol-drustvo	pogledi	https://www.politika.rs/sr/clanak/756787/hladna-buducnost-toplih-zabluda	8	5518
pol-756889.txt	politika	756889	kolumna	pol-drustvo	pogledi	https://www.politika.rs/sr/clanak/756889/neuspela-drzava-crna-gora	8	7565
pol-757014.txt	politika	757014	kolumna	svet	pogledi	https://www.politika.rs/sr/clanak/757014/tramp-ne-odustaje-od-grenlanda	8	8065
pol-759039.txt	politika	759039	kolumna	pol-drustvo	pogledi	https://www.politika.rs/sr/clanak/759039/medijsko-nasilje-vijesti-protiv-srpskog-stava-o-kosovu-u-crnoj-gori	8	11172
pol-759176.txt	politika	759176	kolumna	svet	pogledi	https://www.politika.rs/sr/clanak/759176/rat-na-bliskom-istoku-asimetricni-globalni-sok	8	8444
pol-759678.txt	politika	759678	kolumna	hronika	pogledi	https://www.politika.rs/sr/clanak/759678/ratni-zlocini-silovanjem-po-hrvatskom-modelu-2	8	8610
pol-759883.txt	politika	759883	kolumna	pol-drustvo	pogledi	https://www.politika.rs/sr/clanak/759883/mandicev-glas-za-tudu-istinu-o-1918-godini	8	14423
pol-761066.txt	politika	761066	kolumna	pol-drustvo	pogledi	https://www.politika.rs/sr/clanak/761066/redovi-pred-svetinjom-i-lov-na-vernike	8	8199
pol-761290.txt	politika	761290	kolumna	pol-drustvo	pogledi	https://www.politika.rs/sr/clanak/761290/deca-kao-politicki-aktivisti	8	6579
pol-762474.txt	politika	762474	kolumna	ekonomija	pogledi	https://www.politika.rs/sr/clanak/762474/akcije-vestacke-inteligencije-lete-u-svemir	8	7525
pol-763002.txt	politika	763002	kolumna	sport	pogledi	https://www.politika.rs/sr/clanak/763002/sasa-ilic-srce-na-klupu	8	8631
pol-763223.txt	politika	763223	kolumna	svet	pogledi	https://www.politika.rs/sr/clanak/763223/kina-najveca-laboratorija-za-modernizaciju-ikada-stvorena	8	8373
pol-764415.txt	politika	764415	kolumna	pol-drustvo	pogledi	https://www.politika.rs/sr/clanak/764415/trampova-administracija-obraca-paznju-na-balkan	8	7642
pol-765327.txt	politika	765327	kolumna	pol-drustvo	pogledi	https://www.politika.rs/sr/clanak/765327/in-te-gra-ci-ja-isto-rij-skih-iz-be-gli-ca-u-sr-bi-ji	8	5360
pol-766974.txt	politika	766974	kolumna	pol-drustvo	pogledi	https://www.politika.rs/sr/clanak/766974/afe-ra-tompson-ko-je-ubica-pod-uzdoljskim-hrastom	8	7767
pol-767254.txt	politika	767254	kolumna	pol-drustvo	pogledi	https://www.politika.rs/sr/clanak/767254/ujedinjenje-ili-podela	8	6124
pol-768048.txt	politika	768048	kolumna	pol-drustvo	pogledi	https://www.politika.rs/sr/clanak/768048/sta-ce-biti-ishod-zamesateljstva-oko-visokog-predstavnika-u-bih	8	8541
pol-770077.txt	politika	770077	kolumna	pol-drustvo	pogledi	https://www.politika.rs/sr/clanak/770077/vucic-na-trampovoj-mrezi	8	8821
pol-770279.txt	politika	770279	kolumna	kultura	pogledi	https://www.politika.rs/sr/clanak/770279/osam-decenija-od-smrti-dzona-mejnarda-kejnsa	8	8736
pol-770728.txt	politika	770728	kolumna	pol-drustvo	pogledi	https://www.politika.rs/sr/clanak/770728/gospodine-mandicu-niko-vam-ne-duguje-aplauz	8	14441
pol-771085.txt	politika	771085	vest	pol-drustvo	beograd	https://www.politika.rs/sr/clanak/771085/rehabilitacija-celicnog-pesackog-mosta	8	2042
pol-771171.txt	politika	771171	kolumna	pol-drustvo	pogledi	https://www.politika.rs/sr/clanak/771171/ta-amerika	8	6530
pol-771394.txt	politika	771394	kolumna	pol-drustvo	pogledi	https://www.politika.rs/sr/clanak/771394/strateski-s-amerikancima	8	8125
pol-772423.txt	politika	772423	kolumna	pol-drustvo	pogledi	https://www.politika.rs/sr/clanak/772423/kafanska-pravda-i-frustracije-hrvatskog-modela	8	7307
pol-773024.txt	politika	773024	kolumna	pol-drustvo	pogledi	https://www.politika.rs/sr/clanak/773024/kako-sam-zaboravio-da-plivam	8	5673
pol-773254.txt	politika	773254	kolumna	svet	pogledi	https://www.politika.rs/sr/clanak/773254/vestacka-inteligencija-siri-antiistoriju-i-zlo	8	7971
pol-773572.txt	politika	773572	kolumna	pol-drustvo	pogledi	https://www.politika.rs/sr/clanak/773572/kako-je-moguca-bosna-posle-srebrenice	8	8176
pol-773910.txt	politika	773910	vest	kultura	kultura	https://www.politika.rs/sr/clanak/773910/mirandolina-na-tvrdavi-mogren	7	1119
pol-774087.txt	politika	774087	vest	pol-drustvo	beograd	https://www.politika.rs/sr/clanak/774087/sarenilo-velike-pijace	8	4856
pol-774327.txt	politika	774327	kolumna	hronika	pogledi	https://www.politika.rs/sr/clanak/774327/svedoci-velebitskih-magli-gde-su-kosti-boze-latinovica	8	6736
pol-774641.txt	politika	774641	vest	kultura	kultura	https://www.politika.rs/sr/clanak/774641/senzualnost-pisanja-u-dopunjenom-izdanju	8	2657
pol-775535.txt	politika	775535	vest	pol-drustvo	beograd	https://www.politika.rs/sr/clanak/775535/puzovic-rekonstrukcija-savskog-nasipa-nastavlja-planiranom-dinamikom	8	1376
pol-775648.txt	politika	775648	kolumna	svet	pogledi	https://www.politika.rs/sr/clanak/775648/novi-svet-ilona-marksa	8	7218
pol-776155.txt	politika	776155	vest	kultura	kultura	https://www.politika.rs/sr/clanak/776155/boj-dzordz-ne-ce-ponovo-igrati	8	4171
pol-776920.txt	politika	776920	vest	kultura	kultura	https://www.politika.rs/sr/clanak/776920/pocinje-65-dragacevski-sabor-trubaca-guca-od-veceras-prestonica-trube-i-tradicije	8	1349
pol-777373.txt	politika	777373	kolumna	pol-drustvo	pogledi	https://www.politika.rs/sr/clanak/777373/jedinstvo-koje-ih-boli	8	7352
pol-779307.txt	politika	779307	vest	kultura	kultura	https://www.politika.rs/sr/clanak/779307/zan-klod-van-dam-poslao-poruku-srbiji-vidimo-se-25-avgusta-u-nisu	7	1076
pol-779333.txt	politika	779333	vest	hronika	hronika	https://www.politika.rs/sr/clanak/779333/u-knjazevcu-uhapsen-muskarac-koji-je-izazvao-pozar	7	1243
pol-781011.txt	politika	781011	vest	ekonomija	ekonomija	https://www.politika.rs/sr/clanak/781011/bitkoin-pao-za-jedan-odsto-na-67-100-evra-manji-obim-trgovine-kripto-valutama	7	910
pol-781838.txt	politika	781838	vest	sport	sport	https://www.politika.rs/sr/clanak/781838/odbojkasice-srbije-protiv-hrvatske-za-cetvrtfinale-evropskog-prvenstva	7	768
pol-782395.txt	politika	782395	vest	pol-drustvo	politika	https://www.politika.rs/sr/clanak/782395/blokaderi-posle-teksta-danasa-niko-u-ruzicu-ne-vidi-srpskog-petera-madara	5	782
pol-782624.txt	politika	782624	vest	pol-drustvo	drustvo	https://www.politika.rs/sr/clanak/782624/pocinju-vojne-vezbe-pobednik-2026-na-poligonu-pester	8	1711
pol-782685.txt	politika	782685	vest	pol-drustvo	drustvo	https://www.politika.rs/sr/clanak/782685/patrijarh-porfirije-srpski-narod-prolazi-kroz-teska-iskusenja-na-kosovu-i-metohiji	6	1378
pol-782898.txt	politika	782898	vest	pol-drustvo	drustvo	https://www.politika.rs/sr/clanak/782898/markovic-pozar-ne-menja-namenu-zemljista-i-nije-precica-do-gradnje	8	2068
pol-783067.txt	politika	783067	vest	svet	Region	https://www.politika.rs/sr/clanak/783067/u-hrvatskoj-10-zarazenih-virusom-zapadnog-nila-sest-osoba-u-bolnici	8	887
pol-783293.txt	politika	783293	vest	pol-drustvo	politika	https://www.politika.rs/sr/clanak/783293/novih-18-000-kvadrata-za-nauku-i-privredu-vucic-obisao-fazu-2-naucno-tehnoloskog-parka-u-nisu	8	1727
pol-783303.txt	politika	783303	vest	kultura	kultura	https://www.politika.rs/sr/clanak/783303/izlozba-25-godina-nagrade-dimitrije-basicevic-mangelos-otvorena-u-galeriji-flu	8	4173
pol-783363.txt	politika	783363	vest	svet	Svet	https://www.politika.rs/sr/clanak/783363/hakabi-ne-postoji-plan-da-se-palestinci-nateraju-da-napuste-gazu	7	1073
pol-783397.txt	politika	783397	vest	pol-drustvo	politika	https://www.politika.rs/sr/clanak/783397/zavetnici-posveceni-daljem-razvoju-nisavskog-okruga	8	5143
pol-783592.txt	politika	783592	vest	pol-drustvo	drustvo	https://www.politika.rs/sr/clanak/783592/novi-sad-regionalni-centar-elektromobilnosti	8	1804
pol-783648.txt	politika	783648	vest	svet	svet	https://www.politika.rs/sr/clanak/783648/premijer-poljske-samo-idioti-ili-izdajnici-kod-nas-mogu-da-se-raduju-trijumfu-afd-a	6	1655
pol-783692.txt	politika	783692	vest	pol-drustvo	politika	https://www.politika.rs/sr/clanak/783692/ivan-ivanovic-prozvao-nezadovoljne-blokadere-potrazite-znacenje-bezuslovne-podrske	5	1008
rts-5481808.txt	rts	5481808	kolumna	svet	Smatracnica	https://www.rts.rs/vesti/smatracnica/5481808/tesla-1900-prvi-zamislio-internet--besplatni-bezicni-i-multimedijalni.html	8	6911
rts-5512009.txt	rts	5512009	kolumna	ekonomija	Smatracnica	https://www.rts.rs/vesti/smatracnica/5512009/ranko-bugarski-profesor-in-memoriam.html	8	2178
rts-5521199.txt	rts	5521199	kolumna	svet	Smatracnica	https://www.rts.rs/vesti/smatracnica/5521199/sta-bi-klauzevic-rekao-o-ukrajinskom-napadu-na-kursku-oblast.html	8	10657
rts-5522243.txt	rts	5522243	kolumna	ekonomija	Smatracnica	https://www.rts.rs/vesti/smatracnica/5522243/zasto-u-americi-niko-nece-posao-za-platu-od-sto-hiljada-dolara-godisnje.html	8	3475
rts-5526817.txt	rts	5526817	kolumna	kultura	Smatracnica	https://www.rts.rs/vesti/smatracnica/5526817/riblja-corba-arena-bora-djordjevic-najbolji-koncert.html	8	6953
rts-5548870.txt	rts	5548870	kolumna	ekonomija	Smatracnica	https://www.rts.rs/vesti/smatracnica/5548870/putovanje-uzbekistan-avion-rat-iran-.html	8	5085
rts-5560475.txt	rts	5560475	kolumna	kultura	Smatracnica	https://www.rts.rs/vesti/smatracnica/5560475/secanja-u-slici--price-o-poginulima-nestalima-i-onima-koji-su-ostali-iza-njih.html	8	3670
rts-5570266.txt	rts	5570266	kolumna	svet	Smatracnica	https://www.rts.rs/vesti/smatracnica/5570266/sveti-luka-ili-noc-vestica---jos-jedna-uvezena-dilema.html	8	3752
rts-5617257.txt	rts	5617257	kolumna	pol-drustvo	Smatracnica	https://www.rts.rs/vesti/smatracnica/5617257/-u-novu-godinu-sa-staromodnim-rokovnikom-za-brojeve-telefona.html	8	3907
rts-5645158.txt	rts	5645158	kolumna	pol-drustvo	Smatracnica	https://www.rts.rs/vesti/smatracnica/5645158/zoran-stanojevic-u-medijima-u-kojima-politicari-biraju-novinare-ja-nemam-sta-da-trazim.html	8	3985
rts-5863565.txt	rts	5863565	kolumna	pol-drustvo	Smatracnica	https://www.rts.rs/vesti/smatracnica/5863565/zima-sneg-.html	8	4560
rts-5888434.txt	rts	5888434	kolumna	svet	Smatracnica	https://www.rts.rs/vesti/smatracnica/5888434/rat-u-ukrajini-izbeglice.html	8	5145
rts-5893107.txt	rts	5893107	kolumna	hronika	Smatracnica	https://www.rts.rs/vesti/smatracnica/5893107/staracki-domovi-barajevo-poskupljenje.html	8	4210
rts-5918793.txt	rts	5918793	kolumna	sport	Smatracnica	https://www.rts.rs/vesti/smatracnica/5918793/vreme-je-da-se-sa-tribina-zapeva-zoanu-penjaroji.html	8	4153
rts-5922605.txt	rts	5922605	kolumna	ekonomija	Smatracnica	https://www.rts.rs/vesti/smatracnica/5922605/dusko-vujosevic-kk-partizan-2026.html	5	1941
rts-5996881.txt	rts	5996881	vest	kultura	Kultura	https://www.rts.rs/magazin/kultura/preporuka/5996881/partenopa-paolo-sorentino-knjiga-film.html	8	6309
rts-6006306.txt	rts	6006306	vest	kultura	Kultura	https://www.rts.rs/magazin/kultura/rokovnik/6006306/rokovnik-30-jul---5-avgust-odrzan-je-humanitarni-koncert-za-banglades.html	8	31412
rts-6011305.txt	rts	6011305	vest	kultura	Kultura	https://www.rts.rs/magazin/kultura/nesto-drugo/6011305/in-memoriam-nikola-bertolino.html	8	2840
rts-6027067.txt	rts	6027067	vest	sport	Sport	https://www.rts.rs/sport/vaterpolo/6027067/vaterpolo-reprezentacija-srbije-vladimir-vujasinovic-vasilije-martinovic-mediteranske-igre.html	8	3462
rts-6027577.txt	rts	6027577	vest	hronika	Hronika	https://www.rts.rs/vesti/hronika/6027577/pozari-sumski-na-otvorenom-deliblatska-pescara-stolovi.html	8	5683
rts-6028727.txt	rts	6028727	vest	ekonomija	Ekonomija	https://www.rts.rs/vesti/ekonomija/6028727/novi-rok-za-nis-do-kraja-septembra--da-li-je-konacno-resenje-na-vidiku.html	8	7405
rts-6030572.txt	rts	6030572	vest	sport	Sport	https://www.rts.rs/sport/auto-moto/F1vesti/6030572/monca-ferari-sumaher-specijalni-dizajn-bolid-formula-1-2026-monca.html	8	3004
rts-6030871.txt	rts	6030871	vest	ekonomija	Ekonomija	https://www.rts.rs/vesti/ekonomija/6030871/nova-trka-za-afrikom-i-sansa-za-srbiju--pokret-nesvrstanih-put-ka-novim-trzistima.html	8	7610
rts-6032089.txt	rts	6032089	vest	svet	Svet	https://www.rts.rs/vesti/svet/6032089/nemacka-istrazuje-mogucu-koordinisanu-sabotazu-elektromreze.html	8	2497
rts-6032680.txt	rts	6032680	vest	pol-drustvo	Politika	https://www.rts.rs/vesti/politika/6032680/macut-obisao-radove-na-ekspu-2027-i-razgovarao-sa-logarom-o-saradnji-srbije-i-slovenije.html	8	1719
rts-6032694.txt	rts	6032694	vest	pol-drustvo	Politika	https://www.rts.rs/vesti/politika/6032694/eu-se-sprema-za-novo-prosirenje--sta-to-znaci-za-srbiju-crnu-goru-i-ukrajinu.html	8	4227
rts-6033299.txt	rts	6033299	vest	pol-drustvo	Politika	https://www.rts.rs/vesti/politika/6033299/aleksandar-vucic-zapadnobacki-okrug-branko-babic.html	8	24326
rts-6034951.txt	rts	6034951	vest	pol-drustvo	Politika	https://www.rts.rs/vesti/politika/6034951/ivica-dacic-srbija-bosna-hercegovina.html	8	1197
rts-6035021.txt	rts	6035021	vest	pol-drustvo	Politika	https://www.rts.rs/vesti/politika/6035021/svecani-docek-predsednik-uzekistan.html	8	27217
rts-6035082.txt	rts	6035082	vest	pol-drustvo	Politika	https://www.rts.rs/vesti/politika/6035082/ursula-fon-der-lajen-ratko-mladic-sahrana-sokantne-slike.html	8	861
rts-6035594.txt	rts	6035594	vest	pol-drustvo	Politika	https://www.rts.rs/vesti/politika/6035594/predsednik-vucic-za-rts-izbori-ce-biti-25-oktobra-zelim-svima-demokratsku-utakmicu-.html	8	8392
rts-6035638.txt	rts	6035638	vest	pol-drustvo	Politika	https://www.rts.rs/vesti/politika/6035638/izbori-izmedju-dve-kule--ide-li-srbija-ka-referendumskoj-atmosferi.html	8	15775
rts-6035767.txt	rts	6035767	vest	hronika	Hronika	https://www.rts.rs/vesti/hronika/6035767/aktivna-44-pozara-na-otvorenom--iljusin-i-helikopteri-mup-a-i-danas-iznad-suve-planine-voda-stize-u-rancevima-i-na-konjima.html	8	4978
rts-6036162.txt	rts	6036162	vest	pol-drustvo	Politika	https://www.rts.rs/vesti/politika/6036162/pups-i-radnicka-partija-ce-na-izborima-ucestvovati-na-listi-aleksandar-vucic---ujedinjena-srbija.html	8	1502
rts-6036242.txt	rts	6036242	vest	sport	Sport	https://www.rts.rs/sport/tenis/6036242/ju-es-open-selton-alkaraz-2026.html	8	2327
rts-6037115.txt	rts	6037115	vest	svet	Svet	https://www.rts.rs/vesti/svet/6037115/tramp-donald-amerika-dalas-konvencija.html	8	5906
rts-6037180.txt	rts	6037180	vest	pol-drustvo	Politika	https://www.rts.rs/vesti/politika/6037180/aleksandar-vucic-beltalks-stopa-rasta-srbija.html	8	5100
rts-6037294.txt	rts	6037294	vest	pol-drustvo	Politika	https://www.rts.rs/vesti/politika/6037294/poziv-iz-sarajeva-na-ukidanje-rs-i-suspenziju-specijalnih-veza-sa-srbijom-ostre-reakcije-beograda-i-banjaluke.html	8	3639
vre-4912915.txt	vreme	4912915	kolumna	pol-drustvo	komentar	https://vreme.com/komentar/cast-srbije-se-brani-u-kosjericu-i-zajecaru/	8	2670
vre-4915192.txt	vreme	4915192	vest	kultura	kultura	https://vreme.com/kultura/osterov-odgovor-na-pitanje-zasto-se-ubijamo/	8	3971
vre-4916591.txt	vreme	4916591	vest	kultura	kultura	https://vreme.com/kultura/fotografije-nevidljivog-sveta-za-one-koji-ih-ne-vide/	8	4582
vre-4918461.txt	vreme	4918461	kolumna	pol-drustvo	komentar	https://vreme.com/komentar/vidovdan-dan-posle-studenti-hvala-i-nema-nazad/	8	3853
vre-4918487.txt	vreme	4918487	kolumna	pol-drustvo	komentar	https://vreme.com/komentar/nasilje-je-pocelo-u-2142-pre-trinaest-godina/	8	3523
vre-4922015.txt	vreme	4922015	kolumna	kultura	mozaik	https://vreme.com/mozaik/od-solila-do-bjelila/	8	9986
vre-4922837.txt	vreme	4922837	kolumna	pol-drustvo	komentar	https://vreme.com/komentar/nebulozni-govor-vlasti/	8	4469
vre-4927972.txt	vreme	4927972	kolumna	pol-drustvo	mozaik	https://vreme.com/mozaik/ivan-ivanovic-za-vreme-radio-sam-sta-hocu-godinu-dana/	8	6339
vre-4928805.txt	vreme	4928805	kolumna	kultura	kultura	https://vreme.com/kultura/zasto-na-festivalu-u-vrnjackoj-banji-dominiraju-filmovi-zeljka-mitrovica/	8	3412
vre-4929355.txt	vreme	4929355	kolumna	pol-drustvo	komentar	https://vreme.com/komentar/hoce-li-vucic-pomilovati-dodika/	8	2841
vre-4929804.txt	vreme	4929804	kolumna	pol-drustvo	komentar	https://vreme.com/komentar/patriote-cetke-u-ruke/	8	5940
vre-4930037.txt	vreme	4930037	kolumna	pol-drustvo	komentar	https://vreme.com/komentar/hleba-i-igara-to-jest-marzi-i-trobojki/	8	2983
vre-4931176.txt	vreme	4931176	kolumna	pol-drustvo	komentar	https://vreme.com/komentar/mup-srbije-d-o-o-privatno-obezbedjenje-za-batinase/	8	2824
vre-4932680.txt	vreme	4932680	kolumna	kultura	kultura	https://vreme.com/kultura/previse-pametni-da-bi-bili-zvezde/	8	10526
vre-4933484.txt	vreme	4933484	kolumna	pol-drustvo	komentar	https://vreme.com/komentar/kamo-dalje-vucicu/	8	4981
vre-4934233.txt	vreme	4934233	kolumna	kultura	kultura	https://vreme.com/kultura/preziveti-pesmu/	8	9914
vre-4934520.txt	vreme	4934520	kolumna	pol-drustvo	komentar	https://vreme.com/komentar/covek-zvani-afera/	8	2681
vre-4934883.txt	vreme	4934883	kolumna	pol-drustvo	komentar	https://vreme.com/komentar/bice-izbora-bice-kradje-ali-od-vucica-nista-ne-zavisi/	8	4580
vre-4936342.txt	vreme	4936342	kolumna	pol-drustvo	komentar	https://vreme.com/komentar/satanski-smeh-aleksandra-vucica/	8	1707
vre-4937332.txt	vreme	4937332	kolumna	pol-drustvo	komentar	https://vreme.com/komentar/samo-srbina-njegov-navijac-bije/	8	3770
vre-4937484.txt	vreme	4937484	kolumna	pol-drustvo	mozaik	https://vreme.com/mozaik/zasjace-palaci-a-mozda-vise-i-nece/	8	5235
vre-4937773.txt	vreme	4937773	kolumna	pol-drustvo	komentar	https://vreme.com/komentar/vojna-parada-paradero-i-balansero/	8	2790
vre-4939623.txt	vreme	4939623	kolumna	kultura	kultura	https://vreme.com/kultura/od-ministarstva-kulture-samo-za-aju-jung-i-folklor/	8	7791
vre-4946062.txt	vreme	4946062	kolumna	kultura	kultura	https://vreme.com/kultura/humor-kao-zastita-od-stetne-okoline/	8	11314
vre-4948477.txt	vreme	4948477	kolumna	kultura	kultura	https://vreme.com/kultura/kako-je-otvoren-sajam-knjiga-a-kako-alternativni-sajam/	8	4842
vre-4950725.txt	vreme	4950725	kolumna	kultura	kultura	https://vreme.com/kultura/bokanov-upravni-odbor-nema-legitimitet/	8	3155
vre-4952328.txt	vreme	4952328	vest	kultura	kultura	https://vreme.com/kultura/lex-specialis-je-izglasan-iako-postoji-studija-o-sanaciji-generalstaba/	8	4304
vre-4956785.txt	vreme	4956785	kolumna	pol-drustvo	komentar	https://vreme.com/komentar/na-odru-republike-srbije/	8	2896
vre-4957979.txt	vreme	4957979	vest	svet	svet	https://vreme.com/svet/sta-rade-mocnici-dok-svet-ide-dodjavola/	8	13079
vre-4965461.txt	vreme	4965461	kolumna	pol-drustvo	komentar	https://vreme.com/komentar/hola-maduro-adios-amigo/	8	2438
vre-4965741.txt	vreme	4965741	kolumna	kultura	kultura	https://vreme.com/kultura/niceg-ne-bi-bilo-da-neko-nije-otrovao-macke/	8	4166
vre-4966200.txt	vreme	4966200	kolumna	pol-drustvo	komentar	https://vreme.com/komentar/proklizavanje-po-ledu/	8	2879
vre-4967138.txt	vreme	4967138	kolumna	svet	mozaik	https://vreme.com/mozaik/svetski-bol-pojedinca/	8	10951
vre-4969017.txt	vreme	4969017	vest	svet	mozaik	https://vreme.com/mozaik/penjanje-uzivo-ludilo-od-hepeninga-na-netfliksu/	8	3616
vre-4970392.txt	vreme	4970392	kolumna	pol-drustvo	komentar	https://vreme.com/komentar/pravda-za-sirotinju-srbije/	8	2869
vre-4971487.txt	vreme	4971487	vest	kultura	kultura	https://vreme.com/kultura/zrenjanin-neupotrebljivi-i-izgoreli-domovi-kulture-prestonice-kulture/	8	4297
vre-4972996.txt	vreme	4972996	kolumna	pol-drustvo	komentar	https://vreme.com/komentar/manja-grcic-rts-aleksandar-vucic-dragan-bujosevic-rezim/	8	2455
vre-4973237.txt	vreme	4973237	kolumna	svet	mozaik	https://vreme.com/mozaik/tajvan-zapad-sa-kapljicom-kine/	8	10115
vre-4973520.txt	vreme	4973520	vest	pol-drustvo	drustvo	https://vreme.com/drustvo/loncar-obustavljene-hladne-operacije-u-istragu-o-dve-smrti-ukljuceno-i-tuzilastvo/	8	3173
vre-4973530.txt	vreme	4973530	kolumna	kultura	kultura	https://vreme.com/kultura/bitef-pozoriste-odbor-bitefa-festival/	8	4764
vre-4974866.txt	vreme	4974866	vest	pol-drustvo	drustvo	https://vreme.com/drustvo/mobilni-telefoni-preci-od-igre-sve-vise-dece-gojazno/	8	3896
vre-4975127.txt	vreme	4975127	vest	svet	svet	https://vreme.com/svet/istorijska-odluka-vrhovni-sud-ukinuo-trampove-carine/	8	2740
vre-4977044.txt	vreme	4977044	kolumna	kultura	kultura	https://vreme.com/kultura/lista-7-najugrozenijih-je-nada-za-vajfertovu-pivaru-u-pancevu/	8	5609
vre-4977512.txt	vreme	4977512	kolumna	kultura	kultura	https://vreme.com/kultura/ko-je-korisnik-parcele-na-kojoj-ce-biti-rekonstruisana-zgrada-narodne-biblioteke/	8	4774
vre-4978189.txt	vreme	4978189	vest	pol-drustvo	drustvo	https://vreme.com/drustvo/poljoprivrednici-dragan-glamocic-poljoprivreda/	4	2370
vre-4978208.txt	vreme	4978208	vest	pol-drustvo	drustvo	https://vreme.com/drustvo/rat-i-putovanja-osiguranje/	8	5935
vre-4981395.txt	vreme	4981395	kolumna	pol-drustvo	komentar	https://vreme.com/komentar/bia-veran-matic-prisluskivanje-pracenje-pretnje/	8	5693
vre-4982089.txt	vreme	4982089	vest	kultura	kultura	https://vreme.com/kultura/bitef-bez-selektora-predstave-biraju-spasoje-z-milovanovic-i-clanovi-odbora/	8	5046
vre-4982828.txt	vreme	4982828	vest	pol-drustvo	drustvo	https://vreme.com/drustvo/gorivo-dizel-benzin-gas-srbija/	8	5002
vre-4983057.txt	vreme	4983057	vest	pol-drustvo	drustvo	https://vreme.com/drustvo/danka-ilic-optuznica/	6	2352
vre-4983491.txt	vreme	4983491	kolumna	pol-drustvo	komentar	https://vreme.com/komentar/lokalni-izbori-2026-komentar/	8	2535
vre-4984755.txt	vreme	4984755	kolumna	kultura	kultura	https://vreme.com/kultura/zasto-je-matica-srpska-otkazala-koncert-katarine-jovanovic/	8	4275
vre-4991499.txt	vreme	4991499	vest	pol-drustvo	drustvo	https://vreme.com/drustvo/odbrana-struke-vst-venecijanska-komisija-tuzilastvo/	8	3769
vre-4994180.txt	vreme	4994180	vest	kultura	kultura	https://vreme.com/kultura/vec-cetvrta-operska-premijera-narodnog-pozorista-ove-sezone/	8	3350
vre-4994908.txt	vreme	4994908	vest	pol-drustvo	drustvo	https://vreme.com/drustvo/srbija-ekoloski-dug/	8	4910
vre-4998006.txt	vreme	4998006	kolumna	pol-drustvo	mozaik	https://vreme.com/mozaik/zombiji-na-trotoaru-dokle-ce-po-srbiji-stajati-halo-govornice/	8	4762
vre-4998388.txt	vreme	4998388	vest	pol-drustvo	drustvo	https://vreme.com/drustvo/ubiti-za-fotografiju-barbara-matejcic-dobitnica-specijalne-nagrade-evropske-nagrade-za-stampu/	8	5586
vre-4999384.txt	vreme	4999384	kolumna	sport	mozaik	https://vreme.com/mozaik/svetsko-prvenstvo-2026-fudbal-favoriti-titula-svetskog-prvaka/	8	9288
vre-4999756.txt	vreme	4999756	kolumna	pol-drustvo	komentar	https://vreme.com/komentar/vucicev-sibicarski-autoportret/	8	2852
vre-5000401.txt	vreme	5000401	vest	pol-drustvo	drustvo	https://vreme.com/drustvo/majke-deca-invaliditet-smetnje-u-razvoju-becej/	8	4387
vre-5000424.txt	vreme	5000424	vest	pol-drustvo	drustvo	https://vreme.com/drustvo/zidjin-majdanpek-rudarenje-rudarstvo/	8	5505
vre-5002583.txt	vreme	5002583	vest	pol-drustvo	drustvo	https://vreme.com/drustvo/mediji-srbija-medijske-slobode-novinari/	8	5713
vre-5002936.txt	vreme	5002936	kolumna	kultura	kultura	https://vreme.com/kultura/brevijar-politicke-mudrosti/	8	11467
vre-5003073.txt	vreme	5003073	kolumna	pol-drustvo	komentar	https://vreme.com/komentar/tvucni-top-zdravko-ponos-ukp-tuzilastvo-informer/	8	3022
vre-5004078.txt	vreme	5004078	kolumna	svet	mozaik	https://vreme.com/mozaik/trgovina-narkoticima-darknet-mdma-heroin-narko-banda/	8	5904
vre-5005332.txt	vreme	5005332	kolumna	kultura	kultura	https://vreme.com/kultura/izmedju-inkluzije-istorije-i-kreativne-lenjosti/	8	10919
vre-5005780.txt	vreme	5005780	vest	pol-drustvo	drustvo	https://vreme.com/drustvo/olivera-zekic-informer-studio-b-mediji-tabloidi/	8	3567
vre-5006296.txt	vreme	5006296	kolumna	pol-drustvo	komentar	https://vreme.com/komentar/aleksandar-vucic-skoda-predizborna-kampanja-sns/	8	3063
vre-5006760.txt	vreme	5006760	kolumna	kultura	mozaik	https://vreme.com/mozaik/volite-li-qaghaq-tal-ghasel/	8	7844
vre-5006882.txt	vreme	5006882	vest	pol-drustvo	drustvo	https://vreme.com/drustvo/turistilki-vauceri-penzioneri-prijava-uslovi/	8	3368
vre-5008147.txt	vreme	5008147	kolumna	pol-drustvo	komentar	https://vreme.com/komentar/aleksandar-vucic-izbori-cestitka/	8	3025
vre-5008262.txt	vreme	5008262	kolumna	pol-drustvo	komentar	https://vreme.com/komentar/milic-krickak-sukob-policija-vucic-kriza-u-mup/	8	3187
vre-5009070.txt	vreme	5009070	kolumna	kultura	kultura	https://vreme.com/kultura/ministarstvo-kulture-konkurs-za-finansiranje-muzicke-delatnosti/	8	4528
vre-5009398.txt	vreme	5009398	kolumna	pol-drustvo	komentar	https://vreme.com/komentar/studentska-lista-parlamentarni-izbori-opozicija-sns/	8	3454
vre-5010643.txt	vreme	5010643	vest	pol-drustvo	drustvo	https://vreme.com/drustvo/udruzenje-ekomorf-prodaje-se-privatna-vila-visnja-izgradjena-na-drzavnom-zemljistu/	8	3777
vre-5011555.txt	vreme	5011555	kolumna	kultura	kultura	https://vreme.com/kultura/osim-tanje-boskovic-vlast-smatra-da-ni-druge-glumce-ne-treba-nagradjivati/	8	6626
vre-5012460.txt	vreme	5012460	kolumna	pol-drustvo	komentar	https://vreme.com/komentar/aleksandar-vucic-predizborna-kampanjatrijumf-volje-nad-rusevinama-republike/	8	4915
vre-5013471.txt	vreme	5013471	kolumna	kultura	kultura	https://vreme.com/kultura/zasto-knjige-ako-je-sve-na-telefonu-i-tabletu/	8	6554
vre-5015033.txt	vreme	5015033	vest	sport	mozaik	https://vreme.com/mozaik/koliko-pobeda-nedostaje-kosarkasima-srbije-da-se-plasiraju-na-svetsko-prvenstvo-kosarka/	8	4786
