sentence_id	source	article_id	genre	topic	category	sent_idx	n_clean	url	text
rts-5560475-007	rts	5560475	kolumna	kultura	Smatracnica	7	37	https://www.rts.rs/vesti/smatracnica/5560475/secanja-u-slici--price-o-poginulima-nestalima-i-onima-koji-su-ostali-iza-njih.html	Na njihovim licima je senka, beleg koji nose sa sobom, gde god bili i šta god radili.
rts-5560475-008	rts	5560475	kolumna	kultura	Smatracnica	8	37	https://www.rts.rs/vesti/smatracnica/5560475/secanja-u-slici--price-o-poginulima-nestalima-i-onima-koji-su-ostali-iza-njih.html	Njihove oči su dublje i mračnije od onih koje nisu spoznale takvu muku.
rts-5560475-009	rts	5560475	kolumna	kultura	Smatracnica	9	37	https://www.rts.rs/vesti/smatracnica/5560475/secanja-u-slici--price-o-poginulima-nestalima-i-onima-koji-su-ostali-iza-njih.html	Naizgled mirni, dostojanstveno nose oreol bola, ali onome ko ih bolje pogleda, jasno je da se u svakom njihovom pokretu nazire nemir, davno utišana, ali još živa nada i iščekivanje koje ubija.
rts-5560475-010	rts	5560475	kolumna	kultura	Smatracnica	10	37	https://www.rts.rs/vesti/smatracnica/5560475/secanja-u-slici--price-o-poginulima-nestalima-i-onima-koji-su-ostali-iza-njih.html	Njihov najveći strah, a ujedno i najveća nada staju u jedan poziv, plavi koverat, mejl.
rts-5560475-011	rts	5560475	kolumna	kultura	Smatracnica	11	37	https://www.rts.rs/vesti/smatracnica/5560475/secanja-u-slici--price-o-poginulima-nestalima-i-onima-koji-su-ostali-iza-njih.html	Čekaju uzalud već više od 30 godina informacije koje bi donele neizmernu tugu, ali i konačno smirenje.
rts-5560475-012	rts	5560475	kolumna	kultura	Smatracnica	12	37	https://www.rts.rs/vesti/smatracnica/5560475/secanja-u-slici--price-o-poginulima-nestalima-i-onima-koji-su-ostali-iza-njih.html	Čekaju potvrdu smrti i podatak gde počivaju njihovi najbliži.
rts-5560475-013	rts	5560475	kolumna	kultura	Smatracnica	13	37	https://www.rts.rs/vesti/smatracnica/5560475/secanja-u-slici--price-o-poginulima-nestalima-i-onima-koji-su-ostali-iza-njih.html	Otišli su nespokojni i željni, a možda i srećni, verujući da će u večnosti ponovo biti zajedno.
rts-5560475-014	rts	5560475	kolumna	kultura	Smatracnica	14	37	https://www.rts.rs/vesti/smatracnica/5560475/secanja-u-slici--price-o-poginulima-nestalima-i-onima-koji-su-ostali-iza-njih.html	Godinama sam pratila rad njihovih udruženja, konferencije za medije, parastose poginulima.
rts-5512009-003	rts	5512009	kolumna	ekonomija	Smatracnica	3	15	https://www.rts.rs/vesti/smatracnica/5512009/ranko-bugarski-profesor-in-memoriam.html	Imala sam priliku da ga kasnije, izveštavajući iz Saveta Evrope, sretnem i u Strazburu, gde je kao ekspert sarađivao na Evropskoj povelji o regionalnim i manjinskim jezicima.
rts-5512009-004	rts	5512009	kolumna	ekonomija	Smatracnica	4	15	https://www.rts.rs/vesti/smatracnica/5512009/ranko-bugarski-profesor-in-memoriam.html	Svojevremeno mi je divna koleginica i prijateljica Kaća Rasulić priznala da se, dok je radila na doktorskoj disertaciji, još kao asistent na fakultetu, trudila da ga eskivira po hodnicima, jer bi joj svaki put bilo neprijatno da ga sretne, a da još nije završila posao.
rts-5512009-005	rts	5512009	kolumna	ekonomija	Smatracnica	5	15	https://www.rts.rs/vesti/smatracnica/5512009/ranko-bugarski-profesor-in-memoriam.html	Zahvaljujući kružnim hodnicima nove zgrade Filološkog, gde je naša katedra, to joj je i uspevalo.
rts-5512009-006	rts	5512009	kolumna	ekonomija	Smatracnica	6	15	https://www.rts.rs/vesti/smatracnica/5512009/ranko-bugarski-profesor-in-memoriam.html	Sličan je bio i naš poslednji susret.
rts-5512009-007	rts	5512009	kolumna	ekonomija	Smatracnica	7	15	https://www.rts.rs/vesti/smatracnica/5512009/ranko-bugarski-profesor-in-memoriam.html	Iako već odavno u penziji, svakoga dana je dolazio u svoj kabinet da radi, a srela sam ga dok je čekao trolu.
rts-5512009-008	rts	5512009	kolumna	ekonomija	Smatracnica	8	15	https://www.rts.rs/vesti/smatracnica/5512009/ranko-bugarski-profesor-in-memoriam.html	"Već posle ""dobar dan"" počela sam da se pravdam, iako me nije pitao ništa."
rts-5512009-009	rts	5512009	kolumna	ekonomija	Smatracnica	9	15	https://www.rts.rs/vesti/smatracnica/5512009/ranko-bugarski-profesor-in-memoriam.html	"""Ja sam mislio da ste vi odavno doktorirali,"" samo je odgovorio, što me je, čini mi se, pokopalo još dublje."
rts-5512009-010	rts	5512009	kolumna	ekonomija	Smatracnica	10	15	https://www.rts.rs/vesti/smatracnica/5512009/ranko-bugarski-profesor-in-memoriam.html	"Na opasku da sam malo i demotivisana jer, eto, pogledajte ko je sve danas ""doktor"", kao iz topa je rekao: ""Ajte molim vas, kakav vam je to izgovor!"
rts-5893107-022	rts	5893107	kolumna	hronika	Smatracnica	22	47	https://www.rts.rs/vesti/smatracnica/5893107/staracki-domovi-barajevo-poskupljenje.html	Bili su jaki, nezavisni, potrebni!
rts-5893107-023	rts	5893107	kolumna	hronika	Smatracnica	23	47	https://www.rts.rs/vesti/smatracnica/5893107/staracki-domovi-barajevo-poskupljenje.html	Al' brzo prođe život, dok lupiš dlanom o dlan osediš, ostariš, oboliš.
rts-5893107-024	rts	5893107	kolumna	hronika	Smatracnica	24	47	https://www.rts.rs/vesti/smatracnica/5893107/staracki-domovi-barajevo-poskupljenje.html	I postaneš nepotreban i nevidljiv!
rts-5893107-025	rts	5893107	kolumna	hronika	Smatracnica	25	47	https://www.rts.rs/vesti/smatracnica/5893107/staracki-domovi-barajevo-poskupljenje.html	Slaba je, al' ipak nekakva uteha što su protiv nekoliko odgovornih za požar i smrt ovih ljudi podignute optužnice.
rts-5893107-026	rts	5893107	kolumna	hronika	Smatracnica	26	47	https://www.rts.rs/vesti/smatracnica/5893107/staracki-domovi-barajevo-poskupljenje.html	Suđenje počinje danas i pred lice pravde trebalo bi da izađu oni čija je obaveza bila da brinu, da se staraju i da preduprede svaku nevolju.
rts-5893107-027	rts	5893107	kolumna	hronika	Smatracnica	27	47	https://www.rts.rs/vesti/smatracnica/5893107/staracki-domovi-barajevo-poskupljenje.html	"Oni će pred sud, tako i treba, ali pitam se ko će i da li će ikad utvrditi odgovornost onih koji ""nisu znali"" šta se dešava na kraju jednog blatnjavog barajevskog sokaka."
rts-5893107-028	rts	5893107	kolumna	hronika	Smatracnica	28	47	https://www.rts.rs/vesti/smatracnica/5893107/staracki-domovi-barajevo-poskupljenje.html	Pitam se i grize li savest članove porodica koji su u toj neuslovnoj kući ostavili svoje očeve, majke, sestre, braću...
rts-5893107-029	rts	5893107	kolumna	hronika	Smatracnica	29	47	https://www.rts.rs/vesti/smatracnica/5893107/staracki-domovi-barajevo-poskupljenje.html	I shvatam ako sad, dok ovo čitaju, govore da je lako suditi drugome!
rts-5570266-004	rts	5570266	kolumna	svet	Smatracnica	4	31	https://www.rts.rs/vesti/smatracnica/5570266/sveti-luka-ili-noc-vestica---jos-jedna-uvezena-dilema.html	"Drugi su poruku dočekali ""na nož""."
rts-5570266-005	rts	5570266	kolumna	svet	Smatracnica	5	31	https://www.rts.rs/vesti/smatracnica/5570266/sveti-luka-ili-noc-vestica---jos-jedna-uvezena-dilema.html	Zašto bismo deci zabranjivali da se maskiraju, zabavljaju i rade ono što i njihovi vršnjaci širom sveta, pitali su ogorčeno.
rts-5570266-006	rts	5570266	kolumna	svet	Smatracnica	6	31	https://www.rts.rs/vesti/smatracnica/5570266/sveti-luka-ili-noc-vestica---jos-jedna-uvezena-dilema.html	Šta je loše u toj bezazlenoj zabavi u kojoj deca uživaju?
rts-5570266-007	rts	5570266	kolumna	svet	Smatracnica	7	31	https://www.rts.rs/vesti/smatracnica/5570266/sveti-luka-ili-noc-vestica---jos-jedna-uvezena-dilema.html	Hoće li kostim ili malo šminke ugroziti temelje pravoslavlja?
rts-5570266-008	rts	5570266	kolumna	svet	Smatracnica	8	31	https://www.rts.rs/vesti/smatracnica/5570266/sveti-luka-ili-noc-vestica---jos-jedna-uvezena-dilema.html	Treći su ćutali i pomalo zbunjeno trljali čelo.
rts-5570266-009	rts	5570266	kolumna	svet	Smatracnica	9	31	https://www.rts.rs/vesti/smatracnica/5570266/sveti-luka-ili-noc-vestica---jos-jedna-uvezena-dilema.html	Šta sad da rade sa kostimom koji su već kupili i kako da objasne detetu da nema ništa od izlaska na maskenbal u lokalnom kafiću, pitali su se dok su za slavskim stolom kod kumova proslavljali Svetog Luku.
rts-5570266-010	rts	5570266	kolumna	svet	Smatracnica	10	31	https://www.rts.rs/vesti/smatracnica/5570266/sveti-luka-ili-noc-vestica---jos-jedna-uvezena-dilema.html	Roditeljske dileme me ne muče, a iskreno, ne spadam ni u jednu od ove tri grupe, kada je stav prema Noći veštica u pitanju.
rts-5570266-011	rts	5570266	kolumna	svet	Smatracnica	11	31	https://www.rts.rs/vesti/smatracnica/5570266/sveti-luka-ili-noc-vestica---jos-jedna-uvezena-dilema.html	Rekla bih čak da je i njihova rasprava krenula u pogrešnom smeru, kao i obično kod nas.
rts-5548870-012	rts	5548870	kolumna	ekonomija	Smatracnica	12	55	https://www.rts.rs/vesti/smatracnica/5548870/putovanje-uzbekistan-avion-rat-iran-.html	Obaveštava putnike da ne može da ih doveze do krajnje destinacije, zato što je Iran zatvorio svoj vazdušni prostor, preko kojeg na našoj maršruti, mora da se preleti.
rts-5548870-013	rts	5548870	kolumna	ekonomija	Smatracnica	13	55	https://www.rts.rs/vesti/smatracnica/5548870/putovanje-uzbekistan-avion-rat-iran-.html	Za alternativne rute, da se izbegne Iran, nema dovoljno goriva.
rts-5548870-014	rts	5548870	kolumna	ekonomija	Smatracnica	14	55	https://www.rts.rs/vesti/smatracnica/5548870/putovanje-uzbekistan-avion-rat-iran-.html	Šta i kako dalje, informacija nema.
rts-5548870-015	rts	5548870	kolumna	ekonomija	Smatracnica	15	55	https://www.rts.rs/vesti/smatracnica/5548870/putovanje-uzbekistan-avion-rat-iran-.html	Pomislih kako mi je baš Jerevan bio jedna od opcija za put.
rts-5548870-016	rts	5548870	kolumna	ekonomija	Smatracnica	16	55	https://www.rts.rs/vesti/smatracnica/5548870/putovanje-uzbekistan-avion-rat-iran-.html	Da li mi je suđeno da na kraju ipak tamo odem?
rts-5548870-017	rts	5548870	kolumna	ekonomija	Smatracnica	17	55	https://www.rts.rs/vesti/smatracnica/5548870/putovanje-uzbekistan-avion-rat-iran-.html	Putnici prilično ravnodušno prihvataju ovu promenu.
rts-5548870-018	rts	5548870	kolumna	ekonomija	Smatracnica	18	55	https://www.rts.rs/vesti/smatracnica/5548870/putovanje-uzbekistan-avion-rat-iran-.html	Tamo negde pozadi vidim da je pometnja.
rts-5548870-019	rts	5548870	kolumna	ekonomija	Smatracnica	19	55	https://www.rts.rs/vesti/smatracnica/5548870/putovanje-uzbekistan-avion-rat-iran-.html	Bosanski stjuart nam pojašnjava da ćemo verovatno prenoćiti u prestonici Jermenije, kompanija će nas smestiti u hotel, a ujutro možda nastaviti ka Abu Dabiju, ako se situacija poboljša.
rts-5481808-020	rts	5481808	kolumna	svet	Smatracnica	20	37	https://www.rts.rs/vesti/smatracnica/5481808/tesla-1900-prvi-zamislio-internet--besplatni-bezicni-i-multimedijalni.html	Deo toga je uobičajena pojava anglosaksonske ignorancije, koja ponekad dolazi i iz dobro upućenih krugova, te ne može da se proglasi za neznanje već za namernu pakost prema Nikoli Tesli.
rts-5481808-021	rts	5481808	kolumna	svet	Smatracnica	21	37	https://www.rts.rs/vesti/smatracnica/5481808/tesla-1900-prvi-zamislio-internet--besplatni-bezicni-i-multimedijalni.html	vek, Nikola Tesla je već uspeo da ostvari bežičnu komunikaciju na daljinu i da zamisli potpuno novi, bežično umreženi svet.
rts-5481808-022	rts	5481808	kolumna	svet	Smatracnica	22	37	https://www.rts.rs/vesti/smatracnica/5481808/tesla-1900-prvi-zamislio-internet--besplatni-bezicni-i-multimedijalni.html	Tu zamisao nazvao je svetski sistem, a evo kako je Tesla 1900.
rts-5481808-023	rts	5481808	kolumna	svet	Smatracnica	23	37	https://www.rts.rs/vesti/smatracnica/5481808/tesla-1900-prvi-zamislio-internet--besplatni-bezicni-i-multimedijalni.html	opisao njegove praktične multimedijalne mogućnosti upotrebe: „Omogućava ne samo trenutni i precizni bežični prenos bilo koje vrste signala, poruka ili znakova, u sve delove sveta, već i međusobno povezivanje postojećih telegrafskih, telefonskih i drugih signalnih stanica...
rts-5481808-024	rts	5481808	kolumna	svet	Smatracnica	24	37	https://www.rts.rs/vesti/smatracnica/5481808/tesla-1900-prvi-zamislio-internet--besplatni-bezicni-i-multimedijalni.html	Jeftin prijemnik, ne veći od ručnog sata, omogući će mu da sluša bilo gde, na kopnu ili moru, govor koji se drži ili muziku koja se svira na nekom drugom mestu, koliko god daleko bilo“.
rts-5481808-025	rts	5481808	kolumna	svet	Smatracnica	25	37	https://www.rts.rs/vesti/smatracnica/5481808/tesla-1900-prvi-zamislio-internet--besplatni-bezicni-i-multimedijalni.html	je bila da sve oblike tadašnjih elektronskih komunikacija poveže u jedan – Svetski sistem, a da korisnici sve to dobiju kroz bežičnu vezu, bez obzira na vrstu sadržaja i udaljenost.
rts-5481808-026	rts	5481808	kolumna	svet	Smatracnica	26	37	https://www.rts.rs/vesti/smatracnica/5481808/tesla-1900-prvi-zamislio-internet--besplatni-bezicni-i-multimedijalni.html	Baš kao što to danas radi internet – povezivanje svih digitalnih komunikacija u jednu celinu!
rts-5481808-027	rts	5481808	kolumna	svet	Smatracnica	27	37	https://www.rts.rs/vesti/smatracnica/5481808/tesla-1900-prvi-zamislio-internet--besplatni-bezicni-i-multimedijalni.html	Upravo onako kako je naš genije to od početka sagledavao.
rts-5526817-029	rts	5526817	kolumna	kultura	Smatracnica	29	54	https://www.rts.rs/vesti/smatracnica/5526817/riblja-corba-arena-bora-djordjevic-najbolji-koncert.html	Nekoliko trenutaka bilo je potrebno da se hala smiri.
rts-5526817-030	rts	5526817	kolumna	kultura	Smatracnica	30	54	https://www.rts.rs/vesti/smatracnica/5526817/riblja-corba-arena-bora-djordjevic-najbolji-koncert.html	Iz potpune tišine krenula je pesma Pogledaj dom svoj, anđele .
rts-5526817-031	rts	5526817	kolumna	kultura	Smatracnica	31	54	https://www.rts.rs/vesti/smatracnica/5526817/riblja-corba-arena-bora-djordjevic-najbolji-koncert.html	Krajičkom oka vidimo kako Bora Đorđević, prepoznatljivim pokretima prekriva ili zaklanja oči rukama, prateći tekst pesme.
rts-5526817-032	rts	5526817	kolumna	kultura	Smatracnica	32	54	https://www.rts.rs/vesti/smatracnica/5526817/riblja-corba-arena-bora-djordjevic-najbolji-koncert.html	Arena je pevala sa nama, glasnije i veličanstvenije nego pre.
rts-5526817-033	rts	5526817	kolumna	kultura	Smatracnica	33	54	https://www.rts.rs/vesti/smatracnica/5526817/riblja-corba-arena-bora-djordjevic-najbolji-koncert.html	Više od 20.000 glasova stapalo se u savršenom skladu u nezamisliv hor.
rts-5526817-034	rts	5526817	kolumna	kultura	Smatracnica	34	54	https://www.rts.rs/vesti/smatracnica/5526817/riblja-corba-arena-bora-djordjevic-najbolji-koncert.html	Od siline zvuka, fascikle sa notama koje držimo iako znamo napamet i tekst i melodiju, vibriraju u rukama.
rts-5526817-035	rts	5526817	kolumna	kultura	Smatracnica	35	54	https://www.rts.rs/vesti/smatracnica/5526817/riblja-corba-arena-bora-djordjevic-najbolji-koncert.html	Ne vidi se to na snimcima, niti može da se oseti preko ekrana, može samo da se doživi.
rts-5526817-036	rts	5526817	kolumna	kultura	Smatracnica	36	54	https://www.rts.rs/vesti/smatracnica/5526817/riblja-corba-arena-bora-djordjevic-najbolji-koncert.html	Kraj koncerta došao je prebrzo jer smo na bis izveli samo tri pesme Ostani đubre do kraja , nezaobilaznu Lutku i tada novu numeru Prezir.
rts-5617257-022	rts	5617257	kolumna	pol-drustvo	Smatracnica	22	51	https://www.rts.rs/vesti/smatracnica/5617257/-u-novu-godinu-sa-staromodnim-rokovnikom-za-brojeve-telefona.html	Ništa više sreće nije bilo ni sa telefonom drugog deteta, ni trećeg.
rts-5617257-023	rts	5617257	kolumna	pol-drustvo	Smatracnica	23	51	https://www.rts.rs/vesti/smatracnica/5617257/-u-novu-godinu-sa-staromodnim-rokovnikom-za-brojeve-telefona.html	Da li je moguće da nijedan od četiri uređaja u kući koja rade nema opciju koja mi je preko potrebna u tom trenutku?!
rts-5617257-024	rts	5617257	kolumna	pol-drustvo	Smatracnica	24	51	https://www.rts.rs/vesti/smatracnica/5617257/-u-novu-godinu-sa-staromodnim-rokovnikom-za-brojeve-telefona.html	U svom tom komešanju misli dodatno pitanje kako zvati ljude ako kontakti nisu sačuvani?
rts-5617257-025	rts	5617257	kolumna	pol-drustvo	Smatracnica	25	51	https://www.rts.rs/vesti/smatracnica/5617257/-u-novu-godinu-sa-staromodnim-rokovnikom-za-brojeve-telefona.html	I onda olakšanje, imam ih negde zapisane.
rts-5617257-026	rts	5617257	kolumna	pol-drustvo	Smatracnica	26	51	https://www.rts.rs/vesti/smatracnica/5617257/-u-novu-godinu-sa-staromodnim-rokovnikom-za-brojeve-telefona.html	Na papiru na kojem sam pisala teme, u starom rokovniku u kojem su se nekada upisivali brojevi telefona.
rts-5617257-027	rts	5617257	kolumna	pol-drustvo	Smatracnica	27	51	https://www.rts.rs/vesti/smatracnica/5617257/-u-novu-godinu-sa-staromodnim-rokovnikom-za-brojeve-telefona.html	Nikada brže nisam okretala stranice papira i mislim da mi nikada nije bilo draže što više od 20 godina čuvam te imenike.
rts-5617257-028	rts	5617257	kolumna	pol-drustvo	Smatracnica	28	51	https://www.rts.rs/vesti/smatracnica/5617257/-u-novu-godinu-sa-staromodnim-rokovnikom-za-brojeve-telefona.html	"Istina, poslednjih godina ih nisam mnogo ""ažurirala"", ali to što mi treba uspevam nekako da pronađem."
rts-5617257-029	rts	5617257	kolumna	pol-drustvo	Smatracnica	29	51	https://www.rts.rs/vesti/smatracnica/5617257/-u-novu-godinu-sa-staromodnim-rokovnikom-za-brojeve-telefona.html	Sreća, pa ni raznorazne beleške ne bacam dok se priča ne objavi.
rts-5918793-008	rts	5918793	kolumna	sport	Smatracnica	8	23	https://www.rts.rs/vesti/smatracnica/5918793/vreme-je-da-se-sa-tribina-zapeva-zoanu-penjaroji.html	Za ne poželeti ni najgorem neprijatelju.
rts-5918793-009	rts	5918793	kolumna	sport	Smatracnica	9	23	https://www.rts.rs/vesti/smatracnica/5918793/vreme-je-da-se-sa-tribina-zapeva-zoanu-penjaroji.html	"Ni u ""mirnodopskim uslovima"" apsolutno niko u očima navijača Partizana ne bi bio dovoljno velik i dostojan da preuzme tablu i flomaster Željka Obradovića."
rts-5918793-010	rts	5918793	kolumna	sport	Smatracnica	10	23	https://www.rts.rs/vesti/smatracnica/5918793/vreme-je-da-se-sa-tribina-zapeva-zoanu-penjaroji.html	"Neko je morao, i to u klubu oko kojeg se sve (gledano sa strane, mada se ispostavilo da nije bilo tako) preko noći raspalo i u kojem nisu ""zaratili"" (valjda) samo tetkica i domar."
rts-5918793-011	rts	5918793	kolumna	sport	Smatracnica	11	23	https://www.rts.rs/vesti/smatracnica/5918793/vreme-je-da-se-sa-tribina-zapeva-zoanu-penjaroji.html	Dok su se drugi sklanjali i bežali od tektonski uzdrmanog Partizana, utrkujući se po stranicama novina i portala ko gaji veće poštovanje prema Željku Obradoviću, jedan čovek je u sebi pronašao motiv i često najmoćniju pokretačku snagu - nije imao šta da izgubi.
rts-5918793-012	rts	5918793	kolumna	sport	Smatracnica	12	23	https://www.rts.rs/vesti/smatracnica/5918793/vreme-je-da-se-sa-tribina-zapeva-zoanu-penjaroji.html	Nesumnjivo svestan da mu se posle neslavno završenih epizoda u Valensiji, Baskoniji i Barseloni neće ukazati još mnogo prilika da skrene sa razvojnog puta nekog (uz dužno poštovanje) Sita Alonsa, Žoan Penjaroja se hrabro uhvatio u koštac sa Partizanovom kućom strave i svim njenim demonima.
rts-5918793-013	rts	5918793	kolumna	sport	Smatracnica	13	23	https://www.rts.rs/vesti/smatracnica/5918793/vreme-je-da-se-sa-tribina-zapeva-zoanu-penjaroji.html	U stilu košarkaškog Srđana Blagojevića, potpuno svestan svega i čist pred samim sobom, došao je tiho, skromno, bez krupnih reči, bez neostvarivih obećanja (kakvih u Partizanu naročito ne manjka) i bez ikakvih očekivanja crno-bele javnosti kojoj se odlaskom Željka Obradovića naprasno srušio ceo svet.
rts-5918793-014	rts	5918793	kolumna	sport	Smatracnica	14	23	https://www.rts.rs/vesti/smatracnica/5918793/vreme-je-da-se-sa-tribina-zapeva-zoanu-penjaroji.html	Ne trpe ni rezultati u regionalnoj ABA ligi, za crno-bele trenutno najvažnijem takmičenju, a atmosfera u timu i na tribinama gotovo da nema dodirnih tačaka sa onom koju je španski trener zatekao u Beogradu.
rts-5918793-015	rts	5918793	kolumna	sport	Smatracnica	15	23	https://www.rts.rs/vesti/smatracnica/5918793/vreme-je-da-se-sa-tribina-zapeva-zoanu-penjaroji.html	Svlačionicu je dobro i na vreme pretresao, proluftirao i sve posložio na svoje mesto.
rts-5922605-000	rts	5922605	kolumna	ekonomija	Smatracnica	0	19	https://www.rts.rs/vesti/smatracnica/5922605/dusko-vujosevic-kk-partizan-2026.html	Kad su bili mali, nekima su čitali Malu sirenu da ih nauče da se za ideale i slobodu uvek vredi boriti i žrtvovati, čak i kada je poraz neminovan.
rts-5922605-001	rts	5922605	kolumna	ekonomija	Smatracnica	1	19	https://www.rts.rs/vesti/smatracnica/5922605/dusko-vujosevic-kk-partizan-2026.html	Nama nisu morali, mi smo imali Duletov Partizan.
rts-5922605-002	rts	5922605	kolumna	ekonomija	Smatracnica	2	19	https://www.rts.rs/vesti/smatracnica/5922605/dusko-vujosevic-kk-partizan-2026.html	Kad su bili mali, nekima su čitali Tri praseta da ih nauče da se posvećenost, studioznost, marljiv i predan rad, čak i ako izazivaju podsmeh, na kraju uvek isplate.
rts-5922605-003	rts	5922605	kolumna	ekonomija	Smatracnica	3	19	https://www.rts.rs/vesti/smatracnica/5922605/dusko-vujosevic-kk-partizan-2026.html	Nama nisu morali, mi smo imali Duletov Partizan.
rts-5922605-004	rts	5922605	kolumna	ekonomija	Smatracnica	4	19	https://www.rts.rs/vesti/smatracnica/5922605/dusko-vujosevic-kk-partizan-2026.html	Kad su bili mali, nekima su čitali Uspavanu lepoticu da ih nauče da je prava ljubav jača od najjače zavisti i od svakog zla.
rts-5922605-005	rts	5922605	kolumna	ekonomija	Smatracnica	5	19	https://www.rts.rs/vesti/smatracnica/5922605/dusko-vujosevic-kk-partizan-2026.html	Nama nisu morali, mi smo imali Duletov Partizan.
rts-5922605-006	rts	5922605	kolumna	ekonomija	Smatracnica	6	19	https://www.rts.rs/vesti/smatracnica/5922605/dusko-vujosevic-kk-partizan-2026.html	Kad su bili mali, nekima su čitali Pepeljugu da ih nauče da se istinska lepota ne može na silu sakriti, zatrti i nadmašiti loše našminkanim kopijama.
rts-5922605-007	rts	5922605	kolumna	ekonomija	Smatracnica	7	19	https://www.rts.rs/vesti/smatracnica/5922605/dusko-vujosevic-kk-partizan-2026.html	Nama nisu morali, mi smo imali Duletov Partizan.
rts-5522243-005	rts	5522243	kolumna	ekonomija	Smatracnica	5	26	https://www.rts.rs/vesti/smatracnica/5522243/zasto-u-americi-niko-nece-posao-za-platu-od-sto-hiljada-dolara-godisnje.html	U stvari, pošto je u pitanju lanac restorana, tih radnih mesta imaju na više lokacija.
rts-5522243-006	rts	5522243	kolumna	ekonomija	Smatracnica	6	26	https://www.rts.rs/vesti/smatracnica/5522243/zasto-u-americi-niko-nece-posao-za-platu-od-sto-hiljada-dolara-godisnje.html	Zašto neko ne bi želeo da radi za tako velike pare?
rts-5522243-007	rts	5522243	kolumna	ekonomija	Smatracnica	7	26	https://www.rts.rs/vesti/smatracnica/5522243/zasto-u-americi-niko-nece-posao-za-platu-od-sto-hiljada-dolara-godisnje.html	Prvi je što očigledno ima dovoljno takvih radnih mesta za osobe koje ispunjavaju uslove i da su plate za slične poslove porasle u Americi od perioda pandemije koronavirusa.
rts-5522243-008	rts	5522243	kolumna	ekonomija	Smatracnica	8	26	https://www.rts.rs/vesti/smatracnica/5522243/zasto-u-americi-niko-nece-posao-za-platu-od-sto-hiljada-dolara-godisnje.html	Drugi je to što imati 100.000 dolara u Americi danas nije ni blizu toliko mnogo novca kao što je bilo nekada.
rts-5522243-009	rts	5522243	kolumna	ekonomija	Smatracnica	9	26	https://www.rts.rs/vesti/smatracnica/5522243/zasto-u-americi-niko-nece-posao-za-platu-od-sto-hiljada-dolara-godisnje.html	U stvari, u nekim situacijama, posebno ako imate porodicu, možda vam neće biti dovoljno za život.
rts-5522243-010	rts	5522243	kolumna	ekonomija	Smatracnica	10	26	https://www.rts.rs/vesti/smatracnica/5522243/zasto-u-americi-niko-nece-posao-za-platu-od-sto-hiljada-dolara-godisnje.html	Sto hiljada dolara godišnje znači da dobijete bruto 8.300 dolara mesečno, a pošto se u Americi plate primaju u neto iznosu, nakon što se odbije nekoliko poreza i mesečni trošak za zdravstveno osiguranje, dobija se verovatno oko 6.000 dolara mesečno.
rts-5522243-011	rts	5522243	kolumna	ekonomija	Smatracnica	11	26	https://www.rts.rs/vesti/smatracnica/5522243/zasto-u-americi-niko-nece-posao-za-platu-od-sto-hiljada-dolara-godisnje.html	Ti brojevi mogu donekle da variraju, u zavisnosti od toga gde živite i nekih drugih faktora.
rts-5522243-012	rts	5522243	kolumna	ekonomija	Smatracnica	12	26	https://www.rts.rs/vesti/smatracnica/5522243/zasto-u-americi-niko-nece-posao-za-platu-od-sto-hiljada-dolara-godisnje.html	Prosečna cena kuće u Americi je oko 500.000 dolara i, ako je kupite sa deset posto učešća, vaša ukupna mesečna rata, sa porezima i drugim izdacima, biće 4.000 dolara.
rts-5863565-030	rts	5863565	kolumna	pol-drustvo	Smatracnica	30	47	https://www.rts.rs/vesti/smatracnica/5863565/zima-sneg-.html	"I dok sam se kroz ""zatrpani"" grad strpljivo probijala do posla razmišljala sam kako bi na sve ovo reagovali oni ljudi iz mog detinjstva."
rts-5863565-031	rts	5863565	kolumna	pol-drustvo	Smatracnica	31	47	https://www.rts.rs/vesti/smatracnica/5863565/zima-sneg-.html	Oni za koje sneg nije bio iznenađenje!
rts-5863565-032	rts	5863565	kolumna	pol-drustvo	Smatracnica	32	47	https://www.rts.rs/vesti/smatracnica/5863565/zima-sneg-.html	Prvo, sigurno im ne bi bilo jasno otkud tolika zbrka i panika zbog snega u januaru.
rts-5863565-033	rts	5863565	kolumna	pol-drustvo	Smatracnica	33	47	https://www.rts.rs/vesti/smatracnica/5863565/zima-sneg-.html	Čudile bi ih i oprečne prognoze raznih meteorologa amatera koji bukvalno opsedaju medije.
rts-5863565-034	rts	5863565	kolumna	pol-drustvo	Smatracnica	34	47	https://www.rts.rs/vesti/smatracnica/5863565/zima-sneg-.html	"Smejali bi se naslovima u kojima nam ""preti zver sa istoka"" i najavljuju se ""ledeni armagedoni"", a u stvarnosti padne 20-ak centimetara snega i temperatura ode par stepeni ispod nule."
rts-5863565-035	rts	5863565	kolumna	pol-drustvo	Smatracnica	35	47	https://www.rts.rs/vesti/smatracnica/5863565/zima-sneg-.html	Čudili bi se meteoalarmima i porukama u kojima nas upozoravaju da će u sred zime pasti sneg.
rts-5863565-036	rts	5863565	kolumna	pol-drustvo	Smatracnica	36	47	https://www.rts.rs/vesti/smatracnica/5863565/zima-sneg-.html	Ne bi im bilo jasno zašto se voze automobili bez zimske opreme i zašto na put krećemo i kad nije neophodno.
rts-5863565-037	rts	5863565	kolumna	pol-drustvo	Smatracnica	37	47	https://www.rts.rs/vesti/smatracnica/5863565/zima-sneg-.html	S čuđenjem bi verovatno pratili i način na koji se komunalne službe bave čišćenjem snega uprkos savremenoj mehanizaciji i povezanosti o kojoj su oni samo mogli da sanjaju.
rts-5645158-003	rts	5645158	kolumna	pol-drustvo	Smatracnica	3	27	https://www.rts.rs/vesti/smatracnica/5645158/zoran-stanojevic-u-medijima-u-kojima-politicari-biraju-novinare-ja-nemam-sta-da-trazim.html	Takoreći tri ili četiri na jedan, mada je tema bila kakav nam je javni servis potreban.
rts-5645158-004	rts	5645158	kolumna	pol-drustvo	Smatracnica	4	27	https://www.rts.rs/vesti/smatracnica/5645158/zoran-stanojevic-u-medijima-u-kojima-politicari-biraju-novinare-ja-nemam-sta-da-trazim.html	Iako su me mnogi prijatelji i kolege odgovarali od toga pristao sam da dođem zbog odlične saradnje koju imaju RTS i FDU, ali i zbog toga što je dekan FDU nekoliko dana ranije gostovao u emisiji koju vodim .
rts-5645158-005	rts	5645158	kolumna	pol-drustvo	Smatracnica	5	27	https://www.rts.rs/vesti/smatracnica/5645158/zoran-stanojevic-u-medijima-u-kojima-politicari-biraju-novinare-ja-nemam-sta-da-trazim.html	Prihvatio sam sve što je moderator panela zamislio, nisam postavljao nikakve uslove, složio sam se i da se iz snimljenog panela izvlače fragmenti ili rilsovi za društvene mreže odnosno da se moje reči vade iz konteksta.
rts-5645158-006	rts	5645158	kolumna	pol-drustvo	Smatracnica	6	27	https://www.rts.rs/vesti/smatracnica/5645158/zoran-stanojevic-u-medijima-u-kojima-politicari-biraju-novinare-ja-nemam-sta-da-trazim.html	"Dan pred panel moderator nas je obavestio da se razgovor otkazuje jer ""studentski plenum nije usaglasio stav vezan za učesnika sa javnog servisa"" mada prethodno nisu imali zamerke i tribina je najavljena na društvenim mrežama."
rts-5645158-007	rts	5645158	kolumna	pol-drustvo	Smatracnica	7	27	https://www.rts.rs/vesti/smatracnica/5645158/zoran-stanojevic-u-medijima-u-kojima-politicari-biraju-novinare-ja-nemam-sta-da-trazim.html	I tako usamljen bio sam suvišan iako niko nije mogao da zna kakve bih stavove izneo.
rts-5645158-008	rts	5645158	kolumna	pol-drustvo	Smatracnica	8	27	https://www.rts.rs/vesti/smatracnica/5645158/zoran-stanojevic-u-medijima-u-kojima-politicari-biraju-novinare-ja-nemam-sta-da-trazim.html	Nisam planirao da se o tome uopšte oglašavam, ali me je iznenadio poziv novinara portala Nova da prokomentarišem učešće na tribini, odnosno tvit gospođe Tepić na tu temu .
rts-5645158-009	rts	5645158	kolumna	pol-drustvo	Smatracnica	9	27	https://www.rts.rs/vesti/smatracnica/5645158/zoran-stanojevic-u-medijima-u-kojima-politicari-biraju-novinare-ja-nemam-sta-da-trazim.html	Pogrešno sam pomislio da se interesuju za aktuelni događaj, nešto što je trebalo da se održi tog dana, a ne za tribinu od pre više od tri godine na koju sam gotovo zaboravio.
rts-5645158-010	rts	5645158	kolumna	pol-drustvo	Smatracnica	10	27	https://www.rts.rs/vesti/smatracnica/5645158/zoran-stanojevic-u-medijima-u-kojima-politicari-biraju-novinare-ja-nemam-sta-da-trazim.html	Odgovorio sam kratko i iskreno, da nisam video pomenuti tvit i da ja kao novinar ne debatujem sa političarima.
rts-5888434-013	rts	5888434	kolumna	svet	Smatracnica	13	39	https://www.rts.rs/vesti/smatracnica/5888434/rat-u-ukrajini-izbeglice.html	Moja baka, koja je proživela burni 20.
rts-5888434-014	rts	5888434	kolumna	svet	Smatracnica	14	39	https://www.rts.rs/vesti/smatracnica/5888434/rat-u-ukrajini-izbeglice.html	vek i Drugi svetski rat i koja je i sama bila aktivistkinja za prava starijih osoba, uvek me je podsećala da raseljavanje drugačije pogađa starije: teže je napustiti dom, sporije se prilagođavati, a gubici su dublji.
rts-5888434-015	rts	5888434	kolumna	svet	Smatracnica	15	39	https://www.rts.rs/vesti/smatracnica/5888434/rat-u-ukrajini-izbeglice.html	U Ukrajini to vidim svakog dana.
rts-5888434-016	rts	5888434	kolumna	svet	Smatracnica	16	39	https://www.rts.rs/vesti/smatracnica/5888434/rat-u-ukrajini-izbeglice.html	Mnogi stariji ljudi odbijaju da napuste područja u kojima se vode aktivna neprijateljstva jer se osećaju vezano za svoje domove, koji su možda generacijama u njihovoj porodici.
rts-5888434-017	rts	5888434	kolumna	svet	Smatracnica	17	39	https://www.rts.rs/vesti/smatracnica/5888434/rat-u-ukrajini-izbeglice.html	Ili moraju da brinu o ranjivim članovima porodice, da zaštite kućne ljubimce ili stoku, ili jednostavno ne mogu da podnesu da odu.
rts-5888434-018	rts	5888434	kolumna	svet	Smatracnica	18	39	https://www.rts.rs/vesti/smatracnica/5888434/rat-u-ukrajini-izbeglice.html	"""Radije bismo umrli ovde, gde su sahranjeni svi naši"", osećanje je koje često dele stanovnici zajednica na prvoj liniji."
rts-5888434-019	rts	5888434	kolumna	svet	Smatracnica	19	39	https://www.rts.rs/vesti/smatracnica/5888434/rat-u-ukrajini-izbeglice.html	Oni koji ipak pobegnu ostavljaju za sobom čitave živote i oslanjaju se na sopstvenu otpornost i snagu dok ponovo grade život drugde, uz podršku humanitarnih organizacija poput UNHCR-a, koje pomažu da se izbore, oporave i sačuvaju dostojanstvo.
rts-5888434-020	rts	5888434	kolumna	svet	Smatracnica	20	39	https://www.rts.rs/vesti/smatracnica/5888434/rat-u-ukrajini-izbeglice.html	Samo tokom protekle godine više od 250.000 stanovnika napustilo je istočnu Donjecku oblast, koja je u fokusu kontinuirane ruske ofanzive, dok se evakuacije nastavljaju i u susednim oblastima Dnjepropetrovskoj, Harkovskoj, Sumskoj i Zaporoškoj.
rts-5521199-026	rts	5521199	kolumna	svet	Smatracnica	26	67	https://www.rts.rs/vesti/smatracnica/5521199/sta-bi-klauzevic-rekao-o-ukrajinskom-napadu-na-kursku-oblast.html	Imajući u vidu njegov naglasak na broju vojnika, teško je zamisliti da bi on podržao upad Ukrajine u Rusiju.
rts-5521199-027	rts	5521199	kolumna	svet	Smatracnica	27	67	https://www.rts.rs/vesti/smatracnica/5521199/sta-bi-klauzevic-rekao-o-ukrajinskom-napadu-na-kursku-oblast.html	godine ukrajinska vojska je nadmašila sva prvobitna očekivanj, ali to ne bi trebalo da prikrije činjenicu da je Ukrajina bila i da će ostati slabiji učesnik u sukobu koji se suprotstavlja svom glomaznijem susedu sa značajnijim resursima.
rts-5521199-028	rts	5521199	kolumna	svet	Smatracnica	28	67	https://www.rts.rs/vesti/smatracnica/5521199/sta-bi-klauzevic-rekao-o-ukrajinskom-napadu-na-kursku-oblast.html	Slabija je po svim parametrima i jednostavno se mora ponašati u skladu sa tim rekli bi čuveni vojni mislioci.
rts-5521199-029	rts	5521199	kolumna	svet	Smatracnica	29	67	https://www.rts.rs/vesti/smatracnica/5521199/sta-bi-klauzevic-rekao-o-ukrajinskom-napadu-na-kursku-oblast.html	Tom logikom, strategijska logika podstiče Kijev da obustavi operaciju u Kurskoj oblasti i konsoliduje oskudne snage i resurse za odbranu onoga što je najvažnije.
rts-5521199-030	rts	5521199	kolumna	svet	Smatracnica	30	67	https://www.rts.rs/vesti/smatracnica/5521199/sta-bi-klauzevic-rekao-o-ukrajinskom-napadu-na-kursku-oblast.html	Istorija ponekad nudi lekcije iz prošlosti, a ofanziva u pravcu Kurska podseća na sličan hrabar potez Izraela u Jom Kipur ratu 1973.
rts-5521199-031	rts	5521199	kolumna	svet	Smatracnica	31	67	https://www.rts.rs/vesti/smatracnica/5521199/sta-bi-klauzevic-rekao-o-ukrajinskom-napadu-na-kursku-oblast.html	u kome je Izrael u početku bio u defanzivi, nakon što je prethodno iznenađen istovremenom invazijom i sa severa i sa juga.
rts-5521199-032	rts	5521199	kolumna	svet	Smatracnica	32	67	https://www.rts.rs/vesti/smatracnica/5521199/sta-bi-klauzevic-rekao-o-ukrajinskom-napadu-na-kursku-oblast.html	Na najsvetiji jevrejski praznik, sirijski tenkovi su se spustili sa Golanske visoravni, dok je koordinisani napad Egipćana na Sinajsku pustinju iznenadio Izraelce.
rts-5521199-033	rts	5521199	kolumna	svet	Smatracnica	33	67	https://www.rts.rs/vesti/smatracnica/5521199/sta-bi-klauzevic-rekao-o-ukrajinskom-napadu-na-kursku-oblast.html	Arapi su u početku značajno napredovali, a Izrael nikada u mnogobrojnim ratovima koji su vođeni protiv njega nije bio u većoj opasnosti.
rts-6034951-000	rts	6034951	vest	pol-drustvo	Politika	0	8	https://www.rts.rs/vesti/politika/6034951/ivica-dacic-srbija-bosna-hercegovina.html	Dačić je na Instagramu , komentarišući izjave predstavnika zemalja regiona povodom sahrane generala Ratka Mladića, naveo da je licemerno da Srbiju napadaju oni koji podržavaju ustaške zločine, mudžahedine i albanske teroriste.
rts-6034951-001	rts	6034951	vest	pol-drustvo	Politika	1	8	https://www.rts.rs/vesti/politika/6034951/ivica-dacic-srbija-bosna-hercegovina.html	"""Srbija polazi od svog prirodnog prava da štiti svoje nacionalne interese."
rts-6034951-002	rts	6034951	vest	pol-drustvo	Politika	2	8	https://www.rts.rs/vesti/politika/6034951/ivica-dacic-srbija-bosna-hercegovina.html	To ruši priču o unapred smišljenom scenariju o krivici našeg naroda i države.
rts-6034951-003	rts	6034951	vest	pol-drustvo	Politika	3	8	https://www.rts.rs/vesti/politika/6034951/ivica-dacic-srbija-bosna-hercegovina.html	"Nije samo licemerno da Srbiju napadaju oni koji podržavaju ustaške zločine, mudžahedine i albanske teroriste, nego je krajnje ozbiljno da to postaje zvanični narativ i politika"", naveo je Dačić."
rts-6034951-004	rts	6034951	vest	pol-drustvo	Politika	4	8	https://www.rts.rs/vesti/politika/6034951/ivica-dacic-srbija-bosna-hercegovina.html	Naglasio je da je njegova podrška državnoj politici Srbije van svakog stranačkog interesa ili izborne kalkulacije, ističući da je Srbija samo jedna i nema alternativu.
rts-6034951-005	rts	6034951	vest	pol-drustvo	Politika	5	8	https://www.rts.rs/vesti/politika/6034951/ivica-dacic-srbija-bosna-hercegovina.html	"""I zato dajem ne samo podršku, nego i sam aktivno učestvujem u njenoj odbrani."
rts-6034951-006	rts	6034951	vest	pol-drustvo	Politika	6	8	https://www.rts.rs/vesti/politika/6034951/ivica-dacic-srbija-bosna-hercegovina.html	"Zajedno smo jači, da složno i čvrsto poručimo: Dalje ruke od Srbije"", naveo je Dačić."
rts-6034951-007	rts	6034951	vest	pol-drustvo	Politika	7	8	https://www.rts.rs/vesti/politika/6034951/ivica-dacic-srbija-bosna-hercegovina.html	Ministar spoljnih poslova Bosne i Hercegovine Elmedin Konaković na konferenciji za novinare organizovanoj povodom današnje sahrane generala Ratka Mladića izjavio je, da bi da ima nadležnost, prekinuo sve diplomatske odnose sa Srbijom , tvrdeći da predsednik Srbije krši zakon svoje zemlje.
rts-6037294-016	rts	6037294	vest	pol-drustvo	Politika	16	26	https://www.rts.rs/vesti/politika/6037294/poziv-iz-sarajeva-na-ukidanje-rs-i-suspenziju-specijalnih-veza-sa-srbijom-ostre-reakcije-beograda-i-banjaluke.html	"""Bosna i Hercegovina se gotovo raspada kao leš koji je nemoguće sastaviti, a oni mogu svojim nameštenim sudovima da proganjaju"", navodi Dodik."
rts-6037294-017	rts	6037294	vest	pol-drustvo	Politika	17	26	https://www.rts.rs/vesti/politika/6037294/poziv-iz-sarajeva-na-ukidanje-rs-i-suspenziju-specijalnih-veza-sa-srbijom-ostre-reakcije-beograda-i-banjaluke.html	Istovremeno, 14 poslanika Predstavničkog doma Parlamentarne skupštine BiH uputilo je inicijativu na više od 800 adresa u Evropi, Sjedinjenim Državama i Ujedinjenom Kraljevstvu.
rts-6037294-018	rts	6037294	vest	pol-drustvo	Politika	18	26	https://www.rts.rs/vesti/politika/6037294/poziv-iz-sarajeva-na-ukidanje-rs-i-suspenziju-specijalnih-veza-sa-srbijom-ostre-reakcije-beograda-i-banjaluke.html	Traže hitno preispitivanje i privremenu suspenziju Sporazuma o specijalnim i paralelnim odnosima Srbije i Republike Srpske.
rts-6037294-019	rts	6037294	vest	pol-drustvo	Politika	19	26	https://www.rts.rs/vesti/politika/6037294/poziv-iz-sarajeva-na-ukidanje-rs-i-suspenziju-specijalnih-veza-sa-srbijom-ostre-reakcije-beograda-i-banjaluke.html	Kao razlog navode da se njime ugrožava suverenitet BiH i negiranje presude međunarodnih sudova.
rts-6037294-020	rts	6037294	vest	pol-drustvo	Politika	20	26	https://www.rts.rs/vesti/politika/6037294/poziv-iz-sarajeva-na-ukidanje-rs-i-suspenziju-specijalnih-veza-sa-srbijom-ostre-reakcije-beograda-i-banjaluke.html	"""Pa mi imamo najspecijalnije veze sa Srbijom, koje ne mogu nikakavim aktom da budu srušene, a kamoli nekom inicijativom."
rts-6037294-021	rts	6037294	vest	pol-drustvo	Politika	21	26	https://www.rts.rs/vesti/politika/6037294/poziv-iz-sarajeva-na-ukidanje-rs-i-suspenziju-specijalnih-veza-sa-srbijom-ostre-reakcije-beograda-i-banjaluke.html	Pa to će nas samo naterati još više da se povežemo.
rts-6037294-022	rts	6037294	vest	pol-drustvo	Politika	22	26	https://www.rts.rs/vesti/politika/6037294/poziv-iz-sarajeva-na-ukidanje-rs-i-suspenziju-specijalnih-veza-sa-srbijom-ostre-reakcije-beograda-i-banjaluke.html	"Videćete samo kako to izgleda"", ističe Dodik."
rts-6037294-023	rts	6037294	vest	pol-drustvo	Politika	23	26	https://www.rts.rs/vesti/politika/6037294/poziv-iz-sarajeva-na-ukidanje-rs-i-suspenziju-specijalnih-veza-sa-srbijom-ostre-reakcije-beograda-i-banjaluke.html	Savo Minić, predsednik Vlade Republike Srpske, navodi da oni pričaju da žele da suspenduju odnose.
rts-6035638-026	rts	6035638	vest	pol-drustvo	Politika	26	122	https://www.rts.rs/vesti/politika/6035638/izbori-izmedju-dve-kule--ide-li-srbija-ka-referendumskoj-atmosferi.html	"""Za većinu građana izbori će biti onakvi i rezultati onakvi kakvi budu."
rts-6035638-027	rts	6035638	vest	pol-drustvo	Politika	27	122	https://www.rts.rs/vesti/politika/6035638/izbori-izmedju-dve-kule--ide-li-srbija-ka-referendumskoj-atmosferi.html	Mi zaista nikada nismo imali problem sa brojanjem glasova.
rts-6035638-028	rts	6035638	vest	pol-drustvo	Politika	28	122	https://www.rts.rs/vesti/politika/6035638/izbori-izmedju-dve-kule--ide-li-srbija-ka-referendumskoj-atmosferi.html	"Uvek su primedbe bile vezane za izborni proces"", rekao je Vuletić."
rts-6035638-029	rts	6035638	vest	pol-drustvo	Politika	29	122	https://www.rts.rs/vesti/politika/6035638/izbori-izmedju-dve-kule--ide-li-srbija-ka-referendumskoj-atmosferi.html	Smatra da je šteta što u prethodnih više od godinu dana nije bilo razgovora o izbornim uslovima.
rts-6035638-030	rts	6035638	vest	pol-drustvo	Politika	30	122	https://www.rts.rs/vesti/politika/6035638/izbori-izmedju-dve-kule--ide-li-srbija-ka-referendumskoj-atmosferi.html	"""Imali smo više od godinu dana vremena da se sedne, ne da se sada nekakve tenzije smiruju, nego upravo da se dođe do toga koji su to izborni uslovi koji će manje-više odgovarati svima"", naglasio je Vuletić."
rts-6035638-031	rts	6035638	vest	pol-drustvo	Politika	31	122	https://www.rts.rs/vesti/politika/6035638/izbori-izmedju-dve-kule--ide-li-srbija-ka-referendumskoj-atmosferi.html	Očekuje da bi pojedine grupe mogle da pokušaju da izazovu nemire na izborni dan, naročito kada počnu da pristižu prve procene rezultata, ali ne veruje da bi to moglo suštinski da utiče na ishod izbora.
rts-6035638-032	rts	6035638	vest	pol-drustvo	Politika	32	122	https://www.rts.rs/vesti/politika/6035638/izbori-izmedju-dve-kule--ide-li-srbija-ka-referendumskoj-atmosferi.html	"""Pretpostavljam da će biti pokušaja da se unese nekakav nemir, ali, opet kažem, nekako verujem u zdrav razum naših građana"", poručio je Vuletić."
rts-6035638-033	rts	6035638	vest	pol-drustvo	Politika	33	122	https://www.rts.rs/vesti/politika/6035638/izbori-izmedju-dve-kule--ide-li-srbija-ka-referendumskoj-atmosferi.html	Govoreći o tome zbog čega nije došlo do razgovora o izbornim uslovima, Vuletić je naveo dva problema.
rts-6035082-000	rts	6035082	vest	pol-drustvo	Politika	0	9	https://www.rts.rs/vesti/politika/6035082/ursula-fon-der-lajen-ratko-mladic-sahrana-sokantne-slike.html	"Ursula fon der Lajen je na društvenoj mreži Iks napisala da slike iz Beograda, sa sahrane Ratka Mladića , pokazuju neuspeh u suočavanju sa ""mračnim poglavljem u nedavnoj evropskoj istoriji"" i da protivreče vrednostima koje podupiru put Srbije ka Evropskoj uniji."
rts-6035082-001	rts	6035082	vest	pol-drustvo	Politika	1	9	https://www.rts.rs/vesti/politika/6035082/ursula-fon-der-lajen-ratko-mladic-sahrana-sokantne-slike.html	"""Ratko Mladić je bio osuđeni ratni zločinac."
rts-6035082-002	rts	6035082	vest	pol-drustvo	Politika	2	9	https://www.rts.rs/vesti/politika/6035082/ursula-fon-der-lajen-ratko-mladic-sahrana-sokantne-slike.html	Bio je odgovoran za genocid, ratne zločine i zločine protiv čovečnosti.
rts-6035082-003	rts	6035082	vest	pol-drustvo	Politika	3	9	https://www.rts.rs/vesti/politika/6035082/ursula-fon-der-lajen-ratko-mladic-sahrana-sokantne-slike.html	Umro je dok je služio doživotnu kaznu za genocid u Srebrenici i druge zločine.
rts-6035082-004	rts	6035082	vest	pol-drustvo	Politika	4	9	https://www.rts.rs/vesti/politika/6035082/ursula-fon-der-lajen-ratko-mladic-sahrana-sokantne-slike.html	"Naše misli su sa svim žrtvama zločina počinjenih u zemljama bivše Jugoslavije"", napisala je Fon der Lajen."
rts-6035082-005	rts	6035082	vest	pol-drustvo	Politika	5	9	https://www.rts.rs/vesti/politika/6035082/ursula-fon-der-lajen-ratko-mladic-sahrana-sokantne-slike.html	Poruku iste sadržine je na Iksu objavio i predsednik Evropskog saveta Antonio Kosta.
rts-6035082-006	rts	6035082	vest	pol-drustvo	Politika	6	9	https://www.rts.rs/vesti/politika/6035082/ursula-fon-der-lajen-ratko-mladic-sahrana-sokantne-slike.html	Ratko Mladić preminuo je u pritvorskoj bolnici u Hagu 27.
rts-6035082-007	rts	6035082	vest	pol-drustvo	Politika	7	9	https://www.rts.rs/vesti/politika/6035082/ursula-fon-der-lajen-ratko-mladic-sahrana-sokantne-slike.html	avgusta, nakon što je Mehanizam u Hagu više puta odbio zahteve da bude pušten na lečenje u Srbiji.
rts-6033299-077	rts	6033299	vest	pol-drustvo	Politika	77	186	https://www.rts.rs/vesti/politika/6033299/aleksandar-vucic-zapadnobacki-okrug-branko-babic.html	Da, naravno, poštujemo tržište, da sve to ide, ali dolaze neka čudna vremena u kojima nije lako sve predvideti, i zato je važno da to radimo.
rts-6033299-078	rts	6033299	vest	pol-drustvo	Politika	78	186	https://www.rts.rs/vesti/politika/6033299/aleksandar-vucic-zapadnobacki-okrug-branko-babic.html	"Ali struja će nam biti najpotrebnija da bismo mogli da imamo što je moguće više fabrika inteligencije, odnosno data centara, i da rešavamo te probleme neuporedivo, neuporedivo efikasnije i brže nego što ih danas rešavamo"", istakao je Vučić."
rts-6033299-079	rts	6033299	vest	pol-drustvo	Politika	79	186	https://www.rts.rs/vesti/politika/6033299/aleksandar-vucic-zapadnobacki-okrug-branko-babic.html	Na pitanje da li će postojati neko ministarstvo koje Srbija do sada nije imala odgovorio je da neće ali da će biti mnogo onih koje je imala, a koje neće postojati ili će biti u okvirima nekih drugih ministarstava.
rts-6033299-080	rts	6033299	vest	pol-drustvo	Politika	80	186	https://www.rts.rs/vesti/politika/6033299/aleksandar-vucic-zapadnobacki-okrug-branko-babic.html	Vučić je, tokom obilaska domaćinstva Stanimirovića, rekao da Srbija izdvaja ogroman novac za subvencije za poljoprivredu i pozvao domaće privrednike da iskoriste taj novac.
rts-6033299-081	rts	6033299	vest	pol-drustvo	Politika	81	186	https://www.rts.rs/vesti/politika/6033299/aleksandar-vucic-zapadnobacki-okrug-branko-babic.html	"""Kada stranac dođe i zaposli 4.000 ljudi, naravno da će da dobije veliku subvenciju."
rts-6033299-082	rts	6033299	vest	pol-drustvo	Politika	82	186	https://www.rts.rs/vesti/politika/6033299/aleksandar-vucic-zapadnobacki-okrug-branko-babic.html	Ali vam onda taj grad živi od toga, kao što vam je, recimo, Kromberg–Šubert.
rts-6033299-083	rts	6033299	vest	pol-drustvo	Politika	83	186	https://www.rts.rs/vesti/politika/6033299/aleksandar-vucic-zapadnobacki-okrug-branko-babic.html	"To pripada tim ljudima, to smo mi uspeli da obezbedimo kroz naplatu poreza, dobrim stanjem javnih finansija, i to ljudi treba da koriste"", rekao je Vučić."
rts-6033299-084	rts	6033299	vest	pol-drustvo	Politika	84	186	https://www.rts.rs/vesti/politika/6033299/aleksandar-vucic-zapadnobacki-okrug-branko-babic.html	Dodao je da je cilj Srbije da ljudi ostanu na svojim imanjima i da se gazdinstva, kao što je gazdinstvo Stanimirovića, nastave.
rts-6037180-008	rts	6037180	vest	pol-drustvo	Politika	8	32	https://www.rts.rs/vesti/politika/6037180/aleksandar-vucic-beltalks-stopa-rasta-srbija.html	Niko se nije zapitao zašto su ti ljudi u tolikom broju, u ogromnom broju, dolazili na tu sahranu.
rts-6037180-009	rts	6037180	vest	pol-drustvo	Politika	9	32	https://www.rts.rs/vesti/politika/6037180/aleksandar-vucic-beltalks-stopa-rasta-srbija.html	"Reći ću vam jedan od glavnih razloga: zato što je ljudima dosta toga da budu ponižavani poslednjih 35 godina"", naveo je Vučić."
rts-6037180-010	rts	6037180	vest	pol-drustvo	Politika	10	32	https://www.rts.rs/vesti/politika/6037180/aleksandar-vucic-beltalks-stopa-rasta-srbija.html	Ukazao je da su Srbi bili jedini narod koji nije želeo da se otcepi od Jugoslavije, a da su odjednom postali jedini krivci.
rts-6037180-011	rts	6037180	vest	pol-drustvo	Politika	11	32	https://www.rts.rs/vesti/politika/6037180/aleksandar-vucic-beltalks-stopa-rasta-srbija.html	"""Svi drugi su činili zločine nad Srbima, a Srbi nad drugima."
rts-6037180-012	rts	6037180	vest	pol-drustvo	Politika	12	32	https://www.rts.rs/vesti/politika/6037180/aleksandar-vucic-beltalks-stopa-rasta-srbija.html	"Ali uvek je bilo tako da su samo Srbi, ne samo optuživani i procesuirani, već su samo protiv njih donošene presude i samo su Srbi na kraju osuđivani na zatvorske kazne, a ne drugi"", ukazao je Vučić."
rts-6037180-013	rts	6037180	vest	pol-drustvo	Politika	13	32	https://www.rts.rs/vesti/politika/6037180/aleksandar-vucic-beltalks-stopa-rasta-srbija.html	Naveo je da može da razume emocije naroda, ali je istakao i da nije zadovoljan kad su emocije na tako visokom nivou.
rts-6037180-014	rts	6037180	vest	pol-drustvo	Politika	14	32	https://www.rts.rs/vesti/politika/6037180/aleksandar-vucic-beltalks-stopa-rasta-srbija.html	"""Zato sam pre dva ili tri dana rekao svom narodu: moramo da zaboravimo sve, moramo da budemo potpuno fokusirani na naš ekonomski rast."
rts-6037180-015	rts	6037180	vest	pol-drustvo	Politika	15	32	https://www.rts.rs/vesti/politika/6037180/aleksandar-vucic-beltalks-stopa-rasta-srbija.html	Ne trebaju nam nikakvi ratovi, ne treba nam 'drugo poluvreme'.
rts-6036162-000	rts	6036162	vest	pol-drustvo	Politika	0	8	https://www.rts.rs/vesti/politika/6036162/pups-i-radnicka-partija-ce-na-izborima-ucestvovati-na-listi-aleksandar-vucic---ujedinjena-srbija.html	U saopštenju PUPS-a je navedeno da su svi opštinski i gradski odbori te partije širom Srbije spremni akciono, organizaciono i kadrovski da na predstojećim vanrednim parlamentarnim izborima čuvaju, štite i brane interese i penzionera, poljoprivrednika i proletera.
rts-6036162-001	rts	6036162	vest	pol-drustvo	Politika	1	8	https://www.rts.rs/vesti/politika/6036162/pups-i-radnicka-partija-ce-na-izborima-ucestvovati-na-listi-aleksandar-vucic---ujedinjena-srbija.html	"""PUPS će bezrezervno podržati Aleksandra Vučića za budućeg predsednika Vlade Republike Srbije"", ističe se u saopštenju."
rts-6036162-002	rts	6036162	vest	pol-drustvo	Politika	2	8	https://www.rts.rs/vesti/politika/6036162/pups-i-radnicka-partija-ce-na-izborima-ucestvovati-na-listi-aleksandar-vucic---ujedinjena-srbija.html	Dodaje se da su imperativ za PUPS socijalno odgovorna i ekonomski snažna Republika Srbija, dijalog umesto paralelnih monologa, međusobno poštovanje i međugeneracijska solidarnost, uz očuvanje vitalnih državnih i nacionalnih interesa.
rts-6036162-003	rts	6036162	vest	pol-drustvo	Politika	3	8	https://www.rts.rs/vesti/politika/6036162/pups-i-radnicka-partija-ce-na-izborima-ucestvovati-na-listi-aleksandar-vucic---ujedinjena-srbija.html	"""PUPS se posebno zalaže za očuvanje i svestrani razvoj sela Srbije, očekujući da će započeti preporod sela narednih godina biti nastavljen i jače i brže"", dodaje se u saopštenju."
rts-6036162-004	rts	6036162	vest	pol-drustvo	Politika	4	8	https://www.rts.rs/vesti/politika/6036162/pups-i-radnicka-partija-ce-na-izborima-ucestvovati-na-listi-aleksandar-vucic---ujedinjena-srbija.html	Radnička partija donela je odluku da na predstojećim parlamentarnim izborima učestvuje na listi „Ujedinjena Srbija“ i podrži Aleksandra Vučića za mandatara.
rts-6036162-005	rts	6036162	vest	pol-drustvo	Politika	5	8	https://www.rts.rs/vesti/politika/6036162/pups-i-radnicka-partija-ce-na-izborima-ucestvovati-na-listi-aleksandar-vucic---ujedinjena-srbija.html	„Učešćem na izborima na listi 'Ujedinjena Srbija' Radnička partija želi da obezbedi snažniji politički prostor za zastupanje interesa radnika i građana“, navedeno je u saopštenju te stranke.
rts-6036162-006	rts	6036162	vest	pol-drustvo	Politika	6	8	https://www.rts.rs/vesti/politika/6036162/pups-i-radnicka-partija-ce-na-izborima-ucestvovati-na-listi-aleksandar-vucic---ujedinjena-srbija.html	Dodaje se da je stav Radničke partije da pitanja rada, zarada, zaposlenosti, penzija i sigurnosti života moraju biti među prioritetima državne politike.
rts-6036162-007	rts	6036162	vest	pol-drustvo	Politika	7	8	https://www.rts.rs/vesti/politika/6036162/pups-i-radnicka-partija-ce-na-izborima-ucestvovati-na-listi-aleksandar-vucic---ujedinjena-srbija.html	Ta stranka navodi da će u narednom periodu insistirati na donošenju novog Zakona o radu, jačanju radničkih prava, sigurnosti zaposlenja, boljem položaju zaposlenih i zaštiti životnog standarda penzionera.
rts-6032680-001	rts	6032680	vest	pol-drustvo	Politika	1	10	https://www.rts.rs/vesti/politika/6032680/macut-obisao-radove-na-ekspu-2027-i-razgovarao-sa-logarom-o-saradnji-srbije-i-slovenije.html	Tokom posete gradilištu, premijer Macut sastao se i sa potpredsednikom Vlade Republike Slovenije i ministrom za privredu, rad i sport dr Anžeom Logarom, sa kojim je razgovarao o predstavljanju Slovenije na Ekspu 2027, kao i o mogućnostima za dalje jačanje saradnje dve zemlje.
rts-6032680-002	rts	6032680	vest	pol-drustvo	Politika	2	10	https://www.rts.rs/vesti/politika/6032680/macut-obisao-radove-na-ekspu-2027-i-razgovarao-sa-logarom-o-saradnji-srbije-i-slovenije.html	U razgovoru je posebna pažnja posvećena unapređenju privredne saradnje, povezivanju kompanija i institucija, razvoju inovacija i stvaranju novih poslovnih prilika.
rts-6032680-003	rts	6032680	vest	pol-drustvo	Politika	3	10	https://www.rts.rs/vesti/politika/6032680/macut-obisao-radove-na-ekspu-2027-i-razgovarao-sa-logarom-o-saradnji-srbije-i-slovenije.html	Sagovornici su ocenili da će Ekspo 2027 biti dobra prilika za dodatno povezivanje Srbije i Slovenije, predstavljanje njihovih potencijala i uspostavljanje novih poslovnih veza.
rts-6032680-004	rts	6032680	vest	pol-drustvo	Politika	4	10	https://www.rts.rs/vesti/politika/6032680/macut-obisao-radove-na-ekspu-2027-i-razgovarao-sa-logarom-o-saradnji-srbije-i-slovenije.html	Predsednik Vlade je ocenio da je predstavljanje Srbije u celini jedna od važnih vrednosti Ekspa, jer će gosti iz inostranstva, pored Beograda, imati priliku upoznaju sa bogatstvom turističke ponude, kulturno-istorijskim nasleđem, prirodnim lepotama, tradicijom i lokalnim specifičnostima različitih krajeva Srbije.
rts-6032680-005	rts	6032680	vest	pol-drustvo	Politika	5	10	https://www.rts.rs/vesti/politika/6032680/macut-obisao-radove-na-ekspu-2027-i-razgovarao-sa-logarom-o-saradnji-srbije-i-slovenije.html	"Macut je istakao da će Specijalizovana izložba i ""Srpska kuća"" biti značajna prilika za snažnije promovisanje Srbije na međunarodnom planu."
rts-6032680-006	rts	6032680	vest	pol-drustvo	Politika	6	10	https://www.rts.rs/vesti/politika/6032680/macut-obisao-radove-na-ekspu-2027-i-razgovarao-sa-logarom-o-saradnji-srbije-i-slovenije.html	U obilasku gradilišta Ekspo kompleksa bila je i ministarka unutrašnje i spoljne trgovine i komesarka za Ekspo 2027 Jagoda Lazarević, sa kojom je delegacija Slovenije potpisala ugovor o učešću na specijalizovanoj izložbi.
rts-6032680-007	rts	6032680	vest	pol-drustvo	Politika	7	10	https://www.rts.rs/vesti/politika/6032680/macut-obisao-radove-na-ekspu-2027-i-razgovarao-sa-logarom-o-saradnji-srbije-i-slovenije.html	Direktor preduzeća Ekspo 2027 Danilo Jerinić upoznao je premijera Macuta sa dinamikom radova na gradilištu i planovima za izgradnju paviljona.
rts-6032680-008	rts	6032680	vest	pol-drustvo	Politika	8	10	https://www.rts.rs/vesti/politika/6032680/macut-obisao-radove-na-ekspu-2027-i-razgovarao-sa-logarom-o-saradnji-srbije-i-slovenije.html	Specijalizovana izložba Ekspo 2027 biće održana u Beogradu od 15.
rts-6035594-000	rts	6035594	vest	pol-drustvo	Politika	0	72	https://www.rts.rs/vesti/politika/6035594/predsednik-vucic-za-rts-izbori-ce-biti-25-oktobra-zelim-svima-demokratsku-utakmicu-.html	Govoreći o pripremama za Ekspo i roku kraćem od 90 dana za predaju ključeva, Vučić je rekao da mu napredak radova u ovom trenutku predstavlja veliku brigu.
rts-6035594-001	rts	6035594	vest	pol-drustvo	Politika	1	72	https://www.rts.rs/vesti/politika/6035594/predsednik-vucic-za-rts-izbori-ce-biti-25-oktobra-zelim-svima-demokratsku-utakmicu-.html	"""I danas, kada sam gledao ovo, oni koji su mogli da vide i koji me poznaju, videli su da sam, kako bih vam rekao, prilično zabrinut kad vidim kako bi trebalo da izgleda, u kom stanju je danas"", rekao je Vučić."
rts-6035594-002	rts	6035594	vest	pol-drustvo	Politika	2	72	https://www.rts.rs/vesti/politika/6035594/predsednik-vucic-za-rts-izbori-ce-biti-25-oktobra-zelim-svima-demokratsku-utakmicu-.html	Predsednik Srbije naveo je da radovi brzo napreduju, ali da se nada da će sve biti završeno u predviđenom roku.
rts-6035594-003	rts	6035594	vest	pol-drustvo	Politika	3	72	https://www.rts.rs/vesti/politika/6035594/predsednik-vucic-za-rts-izbori-ce-biti-25-oktobra-zelim-svima-demokratsku-utakmicu-.html	"""Nadam se da ćemo stići sve, radićemo vredno, marljivo, borićemo se, i verujem da ćemo svi zajedno, ujedinjeno, uspeti da osvetlimo obraz našoj zemlji"", poručio je Vučić."
rts-6035594-004	rts	6035594	vest	pol-drustvo	Politika	4	72	https://www.rts.rs/vesti/politika/6035594/predsednik-vucic-za-rts-izbori-ce-biti-25-oktobra-zelim-svima-demokratsku-utakmicu-.html	Govoreći o prijavljivanju za jednokratnu novčanu pomoć građanima, naveo je da se za 48 sati prijavilo više od milion građana, računajući ispravne podneske.
rts-6035594-005	rts	6035594	vest	pol-drustvo	Politika	5	72	https://www.rts.rs/vesti/politika/6035594/predsednik-vucic-za-rts-izbori-ce-biti-25-oktobra-zelim-svima-demokratsku-utakmicu-.html	"Ljudi žele novac, i to je normalno i dobro"", rekao je Vučić."
rts-6035594-006	rts	6035594	vest	pol-drustvo	Politika	6	72	https://www.rts.rs/vesti/politika/6035594/predsednik-vucic-za-rts-izbori-ce-biti-25-oktobra-zelim-svima-demokratsku-utakmicu-.html	Predsednik Srbije najavio je i isplatu novčane pomoći penzionerima, primaocima socijalnih davanja i borcima 14.
rts-6035594-007	rts	6035594	vest	pol-drustvo	Politika	7	72	https://www.rts.rs/vesti/politika/6035594/predsednik-vucic-za-rts-izbori-ce-biti-25-oktobra-zelim-svima-demokratsku-utakmicu-.html	Precizirao je da će penzioneri sa prosečnim i nešto višim penzijama dobiti po 27.500 dinara, dok će oni sa najnižim penzijama dobiti po 35.000 dinara.
rts-6035021-034	rts	6035021	vest	pol-drustvo	Politika	34	151	https://www.rts.rs/vesti/politika/6035021/svecani-docek-predsednik-uzekistan.html	Najveći pojedinačni izvozni artikal su mašine za pripremanje voća, jezgrasto voće i povrće sa iznosom od 1,33 miliona dolara, što je 19 procenata ukupnog izvoza.
rts-6035021-035	rts	6035021	vest	pol-drustvo	Politika	35	151	https://www.rts.rs/vesti/politika/6035021/svecani-docek-predsednik-uzekistan.html	Podaci kojima raspolaže Privredna komora Srbije, pokazuju da napredna oprema za preradu hrane čini skoro trećinu srpskog plasmana na uzbekistansko tržište.
rts-6035021-036	rts	6035021	vest	pol-drustvo	Politika	36	151	https://www.rts.rs/vesti/politika/6035021/svecani-docek-predsednik-uzekistan.html	Vrednost 10 vodećih uvoznih proizvoda iz Uzbekistana u Srbiju ostvarena u prvom kvartalu 2026.
rts-6035021-037	rts	6035021	vest	pol-drustvo	Politika	37	151	https://www.rts.rs/vesti/politika/6035021/svecani-docek-predsednik-uzekistan.html	godine iznosi 1,29 miliona dolara, gde je struktura izrazito fokusirana na veštačka đubriva, tekstilne sirovine i proizvode, kao i sušeno voće.
rts-6035021-038	rts	6035021	vest	pol-drustvo	Politika	38	151	https://www.rts.rs/vesti/politika/6035021/svecani-docek-predsednik-uzekistan.html	Strateški najznačajnija grupa u uvozu jesu mineralna i hemijska đubriva, koja čine više od polovine ukupnog plasmana iz Uzbekistana.
rts-6035021-039	rts	6035021	vest	pol-drustvo	Politika	39	151	https://www.rts.rs/vesti/politika/6035021/svecani-docek-predsednik-uzekistan.html	Najveći pojedinačni artikal je urea sa sadržajem azota preko 45 procenata, koji čini 37 procenata ukupnog uvoza.
rts-6035021-040	rts	6035021	vest	pol-drustvo	Politika	40	151	https://www.rts.rs/vesti/politika/6035021/svecani-docek-predsednik-uzekistan.html	Prema podacima Agencije za privredne registre Srbije, na teritoriji naše zemlje registrovano je sedam aktivnih privrednih subjekata čiji su vlasnici državljani Uzbekistana, odnosno pravna lica registrovana u Uzbekistanu.
rts-6035021-041	rts	6035021	vest	pol-drustvo	Politika	41	151	https://www.rts.rs/vesti/politika/6035021/svecani-docek-predsednik-uzekistan.html	Neto ulaganja rezidenata Uzbekistana u Srbiju iznosila su 0,2 miliona evra u periodu od 2017.
rts-6032694-018	rts	6032694	vest	pol-drustvo	Politika	18	30	https://www.rts.rs/vesti/politika/6032694/eu-se-sprema-za-novo-prosirenje--sta-to-znaci-za-srbiju-crnu-goru-i-ukrajinu.html	Zemlje kandidati očekuju više jasnoće i predvidljivosti o narednim koracima.
rts-6032694-019	rts	6032694	vest	pol-drustvo	Politika	19	30	https://www.rts.rs/vesti/politika/6032694/eu-se-sprema-za-novo-prosirenje--sta-to-znaci-za-srbiju-crnu-goru-i-ukrajinu.html	Ukrajina očekuje jasan odgovor šta znači obećanje o budućem članstvu i kako nastaviti pregovore uprkos postojećim političkim blokadama.
rts-6032694-020	rts	6032694	vest	pol-drustvo	Politika	20	30	https://www.rts.rs/vesti/politika/6032694/eu-se-sprema-za-novo-prosirenje--sta-to-znaci-za-srbiju-crnu-goru-i-ukrajinu.html	Za Kijev je to posebno važno i u kontekstu mogućih mirovnih pregovora sa Rusijom i razgovora o budućem političkom i bezbednosnom poretku u Evropi.
rts-6032694-021	rts	6032694	vest	pol-drustvo	Politika	21	30	https://www.rts.rs/vesti/politika/6032694/eu-se-sprema-za-novo-prosirenje--sta-to-znaci-za-srbiju-crnu-goru-i-ukrajinu.html	Crna Gora bi, prema planovima, trebalo da zatvori sva pregovaračka poglavlja do kraja godine, a započet je i rad na pristupnom ugovoru.
rts-6032694-022	rts	6032694	vest	pol-drustvo	Politika	22	30	https://www.rts.rs/vesti/politika/6032694/eu-se-sprema-za-novo-prosirenje--sta-to-znaci-za-srbiju-crnu-goru-i-ukrajinu.html	Podgorica želi odgovor na pitanje može li realno da računa na članstvo u naredne dve ili tri godine.
rts-6032694-023	rts	6032694	vest	pol-drustvo	Politika	23	30	https://www.rts.rs/vesti/politika/6032694/eu-se-sprema-za-novo-prosirenje--sta-to-znaci-za-srbiju-crnu-goru-i-ukrajinu.html	U slučaju Srbije – ista dilema kao i prethodnih godina: da li je među državama članicama moguć konsenzus o narednom koraku.
rts-6032694-024	rts	6032694	vest	pol-drustvo	Politika	24	30	https://www.rts.rs/vesti/politika/6032694/eu-se-sprema-za-novo-prosirenje--sta-to-znaci-za-srbiju-crnu-goru-i-ukrajinu.html	Gotovo pet godina nije otvoren novi pregovarački klaster, a poslednji neuspeli pokušaj učinjen je u julu.
rts-6032694-025	rts	6032694	vest	pol-drustvo	Politika	25	30	https://www.rts.rs/vesti/politika/6032694/eu-se-sprema-za-novo-prosirenje--sta-to-znaci-za-srbiju-crnu-goru-i-ukrajinu.html	Srbija sada ulazi i u izbornu kampanju, pa je pitanje da li u takvim okolnostima do kraja godine uopšte može da dođe do koraka koji bi omogućili političku deblokadu procesa.
rts-6032089-006	rts	6032089	vest	svet	Svet	6	16	https://www.rts.rs/vesti/svet/6032089/nemacka-istrazuje-mogucu-koordinisanu-sabotazu-elektromreze.html	Nekoliko sati kasnije došlo je do kvara na trafostanici u Bergajmu kod Kelna.
rts-6032089-007	rts	6032089	vest	svet	Svet	7	16	https://www.rts.rs/vesti/svet/6032089/nemacka-istrazuje-mogucu-koordinisanu-sabotazu-elektromreze.html	I u tom području su, prema navodima nadležnih, pronađene lansirne naprave i pirotehnička sredstva.
rts-6032089-008	rts	6032089	vest	svet	Svet	8	16	https://www.rts.rs/vesti/svet/6032089/nemacka-istrazuje-mogucu-koordinisanu-sabotazu-elektromreze.html	"""Pokazatelji ukazuju na to da su obe sabotaže deo koordinisanog napada na naše snabdevanje energijom"", rekao je ministar unutrašnjih poslova Brandenburga Jan Redman."
rts-6032089-009	rts	6032089	vest	svet	Svet	9	16	https://www.rts.rs/vesti/svet/6032089/nemacka-istrazuje-mogucu-koordinisanu-sabotazu-elektromreze.html	Ministar unutrašnjih poslova Severne Rajne-Vestfalije Herbert Rojl ocenio je da je povezanost napada verovatna.
rts-6032089-010	rts	6032089	vest	svet	Svet	10	16	https://www.rts.rs/vesti/svet/6032089/nemacka-istrazuje-mogucu-koordinisanu-sabotazu-elektromreze.html	U slučaju više sabotaža izvedenih prethodnih godina, nemačke bezbednosne službe sumnjale su na levičarske ekstremiste, između ostalog i zbog toga što su u pojedinim slučajevima pronađena pisma kojima se preuzimala odgovornost i koja su istražitelji ocenili kao autentična.
rts-6032089-011	rts	6032089	vest	svet	Svet	11	16	https://www.rts.rs/vesti/svet/6032089/nemacka-istrazuje-mogucu-koordinisanu-sabotazu-elektromreze.html	Redman je, međutim, rekao da se način izvršenja napada u Brandenburgu razlikuje od ranijih slučajeva.
rts-6032089-012	rts	6032089	vest	svet	Svet	12	16	https://www.rts.rs/vesti/svet/6032089/nemacka-istrazuje-mogucu-koordinisanu-sabotazu-elektromreze.html	"Istovremeno, prema njegovim rečima, za sada nema naznaka ""da iza napada stoji neka strana sila i da su korišćene obaveštajne metode""."
rts-6032089-013	rts	6032089	vest	svet	Svet	13	16	https://www.rts.rs/vesti/svet/6032089/nemacka-istrazuje-mogucu-koordinisanu-sabotazu-elektromreze.html	Kao odgovor na sabotažu elektroenergetske mreže, vlasti Brandenburga najavile su osnivanje novog bezbednosnog centra i ubrzavanje zakonodavnih procedura usmerenih na zaštitu kritične infrastrukture.
rts-6037115-027	rts	6037115	vest	svet	Svet	27	40	https://www.rts.rs/vesti/svet/6037115/tramp-donald-amerika-dalas-konvencija.html	Jedan od zapaženijih trenutaka prvog dana konvencije bilo je video-obraćanje demokratskog senatora iz Pensilvanije Džona Fetermana, koji je predstavio svog republikanskog kolegu iz te države Dejvida Mekormika.
rts-6037115-028	rts	6037115	vest	svet	Svet	28	40	https://www.rts.rs/vesti/svet/6037115/tramp-donald-amerika-dalas-konvencija.html	Zašto vam se onda danas obraćam?
rts-6037115-029	rts	6037115	vest	svet	Svet	29	40	https://www.rts.rs/vesti/svet/6037115/tramp-donald-amerika-dalas-konvencija.html	"Zato što sam, pa, demokrata zdravog razuma"", izjavio je Feterman."
rts-6037115-030	rts	6037115	vest	svet	Svet	30	40	https://www.rts.rs/vesti/svet/6037115/tramp-donald-amerika-dalas-konvencija.html	Govorio je o industrijskoj tradiciji zapadne Pensilvanije i poručio da je spreman da sarađuje sa Trampom na zaštiti američke industrije čelika.
rts-6037115-031	rts	6037115	vest	svet	Svet	31	40	https://www.rts.rs/vesti/svet/6037115/tramp-donald-amerika-dalas-konvencija.html	Njegovo pojavljivanje na republikanskoj konvenciji privuklo je pažnju zbog sve izraženijih neslaganja sa delovima sopstvene stranke.
rts-6037115-032	rts	6037115	vest	svet	Svet	32	40	https://www.rts.rs/vesti/svet/6037115/tramp-donald-amerika-dalas-konvencija.html	Feterman je, međutim, posle nastupa naglasio da će ostati demokrata i ukoliko republikanci posle novembarskih izbora preuzmu kontrolu nad Senatom.
rts-6037115-033	rts	6037115	vest	svet	Svet	33	40	https://www.rts.rs/vesti/svet/6037115/tramp-donald-amerika-dalas-konvencija.html	Tramp je tokom gotovo dvočasovnog nastupa često odstupao od pripremljenog govora, prelazeći sa ekonomije i izbora na Iran, carine, geografska preimenovanja i republikanske kandidate.
rts-6037115-034	rts	6037115	vest	svet	Svet	34	40	https://www.rts.rs/vesti/svet/6037115/tramp-donald-amerika-dalas-konvencija.html	"Odao je i počast konzervativnom aktivisti Čarliju Kirku, tačno godinu dana nakon što je ubijen tokom nastupa na univerzitetu u Juti , nazvavši ga svojim ""velikim prijateljem""."
rts-6028727-036	rts	6028727	vest	ekonomija	Ekonomija	36	59	https://www.rts.rs/vesti/ekonomija/6028727/novi-rok-za-nis-do-kraja-septembra--da-li-je-konacno-resenje-na-vidiku.html	Ipak, veruje da je NIS sada bliže konačnom rešenju.
rts-6028727-037	rts	6028727	vest	ekonomija	Ekonomija	37	59	https://www.rts.rs/vesti/ekonomija/6028727/novi-rok-za-nis-do-kraja-septembra--da-li-je-konacno-resenje-na-vidiku.html	"""Nadamo se da je ono najgore iza nas, da neće doći do nove obustave i verujemo, zahvaljujući ovom strateškom dijalogu i nekoj vrsti razumevanja, bar u tom strateškom smislu između Amerike u određenim segmentima i Rusije, da smo bliži rešenju nego što smo udaljeni od njega"", ističe Stanić."
rts-6028727-038	rts	6028727	vest	ekonomija	Ekonomija	38	59	https://www.rts.rs/vesti/ekonomija/6028727/novi-rok-za-nis-do-kraja-septembra--da-li-je-konacno-resenje-na-vidiku.html	Ukoliko MOL i ruska strana postignu dogovor, a američka administracija ga odobri, Stanić ne očekuje da bi realizacija transakcije dugo trajala.
rts-6028727-039	rts	6028727	vest	ekonomija	Ekonomija	39	59	https://www.rts.rs/vesti/ekonomija/6028727/novi-rok-za-nis-do-kraja-septembra--da-li-je-konacno-resenje-na-vidiku.html	"""Ukoliko bi zaista bio potpisan dogovor, ukoliko bi se dve strane koje pregovaraju sporazumele na obostranu korist, ukoliko bi Amerika to odobrila, onda zaista ne vidim da bi bilo prostora da se taj dogovor ne ispoštuje"", kaže Stanić."
rts-6028727-040	rts	6028727	vest	ekonomija	Ekonomija	40	59	https://www.rts.rs/vesti/ekonomija/6028727/novi-rok-za-nis-do-kraja-septembra--da-li-je-konacno-resenje-na-vidiku.html	Smatra da bi u tom slučaju proces mogao da bude relativno brz.
rts-6028727-041	rts	6028727	vest	ekonomija	Ekonomija	41	59	https://www.rts.rs/vesti/ekonomija/6028727/novi-rok-za-nis-do-kraja-septembra--da-li-je-konacno-resenje-na-vidiku.html	"""Zaista bi bilo blamantno za pregovarače da jednostavno ne ispoštuju ono što su dogovorili, za šta su dobili odobrenje onoga koji je sve vreme uslovljavao te pregovore i konačno rešenje."
rts-6028727-042	rts	6028727	vest	ekonomija	Ekonomija	42	59	https://www.rts.rs/vesti/ekonomija/6028727/novi-rok-za-nis-do-kraja-septembra--da-li-je-konacno-resenje-na-vidiku.html	"Tako da verujemo da bi to u vremenskom smislu bilo kratko"", dodaje Stanić."
rts-6028727-043	rts	6028727	vest	ekonomija	Ekonomija	43	59	https://www.rts.rs/vesti/ekonomija/6028727/novi-rok-za-nis-do-kraja-septembra--da-li-je-konacno-resenje-na-vidiku.html	Govoreći o posledicama neizvesnosti za poslovanje NIS-a, Putnikovićeva ukazuje da se kompanija istovremeno suočava i sa širim problemima na energetskom tržištu – od krize na Bliskom istoku do niskog vodostaja Dunava.
rts-6030871-004	rts	6030871	vest	ekonomija	Ekonomija	4	27	https://www.rts.rs/vesti/ekonomija/6030871/nova-trka-za-afrikom-i-sansa-za-srbiju--pokret-nesvrstanih-put-ka-novim-trzistima.html	Govoreći o konkretnim tržištima, Stanić je rekao da je Srbiji geografski najbliže područje Severne Afrike i Jugozapadne Azije, gde su u poslednje vreme išle brojne srpske delegacije radi uspostavljanja čvršćih bilateralnih odnosa.
rts-6030871-005	rts	6030871	vest	ekonomija	Ekonomija	5	27	https://www.rts.rs/vesti/ekonomija/6030871/nova-trka-za-afrikom-i-sansa-za-srbiju--pokret-nesvrstanih-put-ka-novim-trzistima.html	Podsetio je da je potpisan sporazum o slobodnoj trgovini sa Egiptom, kao i sa Ujedinjenim Arapskim Emiratima, dok sa Kazahstanom Srbija ima razvijenu ekonomsku saradnju, pre svega u oblasti energetike, budući da se sa tog prostora danas uvozi najviše nafte.
rts-6030871-006	rts	6030871	vest	ekonomija	Ekonomija	6	27	https://www.rts.rs/vesti/ekonomija/6030871/nova-trka-za-afrikom-i-sansa-za-srbiju--pokret-nesvrstanih-put-ka-novim-trzistima.html	Dodao je da Srbija sarađuje i sa tržištima poput Indije i Alžira, odakle uvozi značajne količine sirovina važnih za domaću privredu.
rts-6030871-007	rts	6030871	vest	ekonomija	Ekonomija	7	27	https://www.rts.rs/vesti/ekonomija/6030871/nova-trka-za-afrikom-i-sansa-za-srbiju--pokret-nesvrstanih-put-ka-novim-trzistima.html	"Kao prednost Srbije u odnosu sa zemljama Pokreta nesvrstanih, Stanić je naveo činjenicu da ove zemlje, ujedinjene oko ekonomskih, ali i određenih političkih interesa koji nisu uvek u skladu sa interesima vodećih svetskih sila, u Srbiji vide zemlju koja je ""i dalje najnesvrstanija na prostoru Jugoistočne Evrope""."
rts-6030871-008	rts	6030871	vest	ekonomija	Ekonomija	8	27	https://www.rts.rs/vesti/ekonomija/6030871/nova-trka-za-afrikom-i-sansa-za-srbiju--pokret-nesvrstanih-put-ka-novim-trzistima.html	Ocenio je da upravo to Srbiji donosi određeno poštovanje i prostor za intenzivniju ekonomsku saradnju.
rts-6030871-009	rts	6030871	vest	ekonomija	Ekonomija	9	27	https://www.rts.rs/vesti/ekonomija/6030871/nova-trka-za-afrikom-i-sansa-za-srbiju--pokret-nesvrstanih-put-ka-novim-trzistima.html	"Stanić je ukazao i na to da danas, slično kao i početkom dvadesetog veka, postoji svojevrsna ""trka za Afrikom"", ali je naglasio da ono što ograničava privrednu saradnju jeste pre svega politika, budući da ekonomija mora da se prilagođava političkim okolnostima, ne samo u Evropi, nego i širom sveta."
rts-6030871-010	rts	6030871	vest	ekonomija	Ekonomija	10	27	https://www.rts.rs/vesti/ekonomija/6030871/nova-trka-za-afrikom-i-sansa-za-srbiju--pokret-nesvrstanih-put-ka-novim-trzistima.html	Prema njegovim rečima, članice Pokreta nesvrstanih često imaju sukobljene političke interese, ali se dodiruju upravo u ekonomskoj saradnji, pokušavajući da se izbore za slobodne uslove poslovanja i izbegnu uvlačenje u carinske ratove i protekcionističke mere.
rts-6030871-011	rts	6030871	vest	ekonomija	Ekonomija	11	27	https://www.rts.rs/vesti/ekonomija/6030871/nova-trka-za-afrikom-i-sansa-za-srbiju--pokret-nesvrstanih-put-ka-novim-trzistima.html	Kao prednosti Srbije, pored pomenutog regionalnog autoriteta i pokušaja da ostane neutralna, Stanić je naveo i industrijski potencijal, znanje i iskorak u digitalizaciji i veštačkoj inteligenciji u poređenju sa zemljama regiona, podsećajući na nedavno otvorenu fabriku humanih robota u industrijskoj zoni pored Šapca.
rts-6011305-002	rts	6011305	vest	kultura	Kultura	2	27	https://www.rts.rs/magazin/kultura/nesto-drugo/6011305/in-memoriam-nikola-bertolino.html	Tokom detinjstva i dečaštva živeo je u Drveniku kod Makarske, Omišu, Supetru na Braču, Vukovaru, Širokom Brijegu, Rabu, Sinju, Dubrovniku, Zagrebu, selu Golubincima u Sremu, te u Staroj Pazovi, da bi januara 1947.
rts-6011305-003	rts	6011305	vest	kultura	Kultura	3	27	https://www.rts.rs/magazin/kultura/nesto-drugo/6011305/in-memoriam-nikola-bertolino.html	Tu je završio gimnaziju i studije francuskog na Filološkom fakultetu.
rts-6011305-004	rts	6011305	vest	kultura	Kultura	4	27	https://www.rts.rs/magazin/kultura/nesto-drugo/6011305/in-memoriam-nikola-bertolino.html	Početkom pedesetih posvetio se prevođenju dela najznačajnijih francuskih i ruskih pesnika.
rts-6011305-005	rts	6011305	vest	kultura	Kultura	5	27	https://www.rts.rs/magazin/kultura/nesto-drugo/6011305/in-memoriam-nikola-bertolino.html	Bio je stručni saradnik na Filološkom fakultetu u Beogradu (Katedra za francuski jezik i književnost), pomoćnik upravnika Muzeja savremene umetnosti u Beogradu i dugogodišnji urednik u izdavačkim preduzećima BIGZ (gde je bio i glavni urednik) i Nolit.
rts-6011305-006	rts	6011305	vest	kultura	Kultura	6	27	https://www.rts.rs/magazin/kultura/nesto-drugo/6011305/in-memoriam-nikola-bertolino.html	Bio je predsednik Udruženja književnih prevodilaca Srbije.
rts-6011305-007	rts	6011305	vest	kultura	Kultura	7	27	https://www.rts.rs/magazin/kultura/nesto-drugo/6011305/in-memoriam-nikola-bertolino.html	Nagradu „Miloš N. Đurić“ za najbolji poetski prevod godine u Srbiji dobio je dvaput, oba puta za prevod poezije Viktora Igoa: 1973.
rts-6011305-008	rts	6011305	vest	kultura	Kultura	8	27	https://www.rts.rs/magazin/kultura/nesto-drugo/6011305/in-memoriam-nikola-bertolino.html	za prevod knjige pesama Crna sunca , a 2010.
rts-6011305-009	rts	6011305	vest	kultura	Kultura	9	27	https://www.rts.rs/magazin/kultura/nesto-drugo/6011305/in-memoriam-nikola-bertolino.html	za prevod poeme Bog .
rts-5996881-025	rts	5996881	vest	kultura	Kultura	25	43	https://www.rts.rs/magazin/kultura/preporuka/5996881/partenopa-paolo-sorentino-knjiga-film.html	I nisu samo one zajedničke.
rts-5996881-026	rts	5996881	vest	kultura	Kultura	26	43	https://www.rts.rs/magazin/kultura/preporuka/5996881/partenopa-paolo-sorentino-knjiga-film.html	Ukoričena „Partenopa“ i jeste koncipirana kao klasičan scenario za film.
rts-5996881-027	rts	5996881	vest	kultura	Kultura	27	43	https://www.rts.rs/magazin/kultura/preporuka/5996881/partenopa-paolo-sorentino-knjiga-film.html	I odmah sam primetila da i urednik knjige u svom uvodu navodi sličnu argumentaciju uz napomenu da „svaki stvaralački izraz donosi jedinstven način uživanja, a gledanje i čitanje nisu iskustva koja se poklapaju“.
rts-5996881-028	rts	5996881	vest	kultura	Kultura	28	43	https://www.rts.rs/magazin/kultura/preporuka/5996881/partenopa-paolo-sorentino-knjiga-film.html	Ali ta iskustva mogu i da se upoređuju – kako su pojedine scene zamišljene, a kako realizovane u filmu i šta je bilo sa onima kojih u filmu nema.
rts-5996881-029	rts	5996881	vest	kultura	Kultura	29	43	https://www.rts.rs/magazin/kultura/preporuka/5996881/partenopa-paolo-sorentino-knjiga-film.html	Za one koje su gledali film ima još jedna napomena: postoje značajne razlike, videće ih već na početku, ali i na kraju knjige.
rts-5996881-030	rts	5996881	vest	kultura	Kultura	30	43	https://www.rts.rs/magazin/kultura/preporuka/5996881/partenopa-paolo-sorentino-knjiga-film.html	(Da ne bude zabune: ovim ne otkrivam ništa što se ne sme otkriti!
rts-5996881-031	rts	5996881	vest	kultura	Kultura	31	43	https://www.rts.rs/magazin/kultura/preporuka/5996881/partenopa-paolo-sorentino-knjiga-film.html	I još nešto: čak i oni koji knjigu tumače kao „samo scenario“, uvideće vrlo brzo da se njena najveća lepota možda ne krije toliko u replikama i dijalozima, nego u deskripcijama.
rts-5996881-032	rts	5996881	vest	kultura	Kultura	32	43	https://www.rts.rs/magazin/kultura/preporuka/5996881/partenopa-paolo-sorentino-knjiga-film.html	Didaskalije kod Sorentina nisu samo smernice glumcima – one su gotovo poetski opisi likova, njihovog ponašanja, emocija i relacija među ljudima.
rts-6006306-101	rts	6006306	vest	kultura	Kultura	101	306	https://www.rts.rs/magazin/kultura/rokovnik/6006306/rokovnik-30-jul---5-avgust-odrzan-je-humanitarni-koncert-za-banglades.html	Tejlor Svift je sa osmim studijskim alnumom ” Folklore” na prvom mestu u Velikoj Britaniji.
rts-6006306-102	rts	6006306	vest	kultura	Kultura	102	306	https://www.rts.rs/magazin/kultura/rokovnik/6006306/rokovnik-30-jul---5-avgust-odrzan-je-humanitarni-koncert-za-banglades.html	Džim Kapaldi je engleski tekstopisac, bubnjar i pevač.
rts-6006306-103	rts	6006306	vest	kultura	Kultura	103	306	https://www.rts.rs/magazin/kultura/rokovnik/6006306/rokovnik-30-jul---5-avgust-odrzan-je-humanitarni-koncert-za-banglades.html	Suosnivač je progresivnog rok benda Trefik 1967.
rts-6006306-104	rts	6006306	vest	kultura	Kultura	104	306	https://www.rts.rs/magazin/kultura/rokovnik/6006306/rokovnik-30-jul---5-avgust-odrzan-je-humanitarni-koncert-za-banglades.html	U ”Dvoranu slavnih rokenrola” je primljen 2004.
rts-6006306-105	rts	6006306	vest	kultura	Kultura	105	306	https://www.rts.rs/magazin/kultura/rokovnik/6006306/rokovnik-30-jul---5-avgust-odrzan-je-humanitarni-koncert-za-banglades.html	Bač Vig je američki bubnjar, kompozitor i producent.
rts-6006306-106	rts	6006306	vest	kultura	Kultura	106	306	https://www.rts.rs/magazin/kultura/rokovnik/6006306/rokovnik-30-jul---5-avgust-odrzan-je-humanitarni-koncert-za-banglades.html	U bogatoj karijeri producirao je grupu Nirvana i album ” Nevermind” (1991), Smashing Pumpkins, L7 i Sonic Youth .
rts-6006306-107	rts	6006306	vest	kultura	Kultura	107	306	https://www.rts.rs/magazin/kultura/rokovnik/6006306/rokovnik-30-jul---5-avgust-odrzan-je-humanitarni-koncert-za-banglades.html	Vig je osnivač i bubnjar grupe Garbage , sa kojom je svetsku slavu stekao pesmom Stupid Girl iz 1995.
rts-6006306-108	rts	6006306	vest	kultura	Kultura	108	306	https://www.rts.rs/magazin/kultura/rokovnik/6006306/rokovnik-30-jul---5-avgust-odrzan-je-humanitarni-koncert-za-banglades.html	Grupa je do sada objavila sedam albuma.
rts-6027067-015	rts	6027067	vest	sport	Sport	15	31	https://www.rts.rs/sport/vaterpolo/6027067/vaterpolo-reprezentacija-srbije-vladimir-vujasinovic-vasilije-martinovic-mediteranske-igre.html	Kad je reč o problemima, pričao sam sa svima – sa bivšim stručnim štabom, Urošem Stevanovićem , igračima.
rts-6027067-016	rts	6027067	vest	sport	Sport	16	31	https://www.rts.rs/sport/vaterpolo/6027067/vaterpolo-reprezentacija-srbije-vladimir-vujasinovic-vasilije-martinovic-mediteranske-igre.html	Ostalo je da se čujemo na jesen kako bismo popričali još jednom.
rts-6027067-017	rts	6027067	vest	sport	Sport	17	31	https://www.rts.rs/sport/vaterpolo/6027067/vaterpolo-reprezentacija-srbije-vladimir-vujasinovic-vasilije-martinovic-mediteranske-igre.html	Videćemo, o tom potom, želja mi je da se ti momci ponovo priključe reprezentaciji, ali i da se čitava situacija smiri i da se ljudi izmire.
rts-6027067-018	rts	6027067	vest	sport	Sport	18	31	https://www.rts.rs/sport/vaterpolo/6027067/vaterpolo-reprezentacija-srbije-vladimir-vujasinovic-vasilije-martinovic-mediteranske-igre.html	"Nadam se da će doći vreme kad ćemo moći svi da se pozdravljamo na ulici"", poručio je Vujasinović ."
rts-6027067-019	rts	6027067	vest	sport	Sport	19	31	https://www.rts.rs/sport/vaterpolo/6027067/vaterpolo-reprezentacija-srbije-vladimir-vujasinovic-vasilije-martinovic-mediteranske-igre.html	Martinović nije bio među jedanaestoricom igrača koji su napustili reprezentaciju, ali nije lako podneo odlazak iskusnih saigrača i nosilaca igre.
rts-6027067-020	rts	6027067	vest	sport	Sport	20	31	https://www.rts.rs/sport/vaterpolo/6027067/vaterpolo-reprezentacija-srbije-vladimir-vujasinovic-vasilije-martinovic-mediteranske-igre.html	"""Bilo im je teško da napuste tim, ali i meni da posmatram, to su igrači koji su prošli i kadetske i juniorske kategorije reprezetnacije i znaju šta znači igrati za državni tim."
rts-6027067-021	rts	6027067	vest	sport	Sport	21	31	https://www.rts.rs/sport/vaterpolo/6027067/vaterpolo-reprezentacija-srbije-vladimir-vujasinovic-vasilije-martinovic-mediteranske-igre.html	"Činjenica je da je bilo problema, ali nadamo se da će se to rešiti i da ćemo ponovo biti zajedno"", jasan je bio Martinović ."
rts-6027067-022	rts	6027067	vest	sport	Sport	22	31	https://www.rts.rs/sport/vaterpolo/6027067/vaterpolo-reprezentacija-srbije-vladimir-vujasinovic-vasilije-martinovic-mediteranske-igre.html	Za kraj, selektor Vujasinović želeo je da uputi poruku svima koji su upućivali negativne komentare na račun reprezentacije i njenih igrača, uz molbu da se sa takvim porukama prestane, jer, kako je istakao, niko od njih to nije zaslužio.
rts-6036242-002	rts	6036242	vest	sport	Sport	2	22	https://www.rts.rs/sport/tenis/6036242/ju-es-open-selton-alkaraz-2026.html	Bila je to prava epska bitka i veoma fizički zahtevan meč.
rts-6036242-003	rts	6036242	vest	sport	Sport	3	22	https://www.rts.rs/sport/tenis/6036242/ju-es-open-selton-alkaraz-2026.html	Karlos je sa samo 23 godine već jedan od velikih šampiona našeg sporta.
rts-6036242-004	rts	6036242	vest	sport	Sport	4	22	https://www.rts.rs/sport/tenis/6036242/ju-es-open-selton-alkaraz-2026.html	Uvek je zadovoljstvo igrati protiv njega.
rts-6036242-005	rts	6036242	vest	sport	Sport	5	22	https://www.rts.rs/sport/tenis/6036242/ju-es-open-selton-alkaraz-2026.html	U stanju je da uradi stvari koje su jednostavno neverovatne.
rts-6036242-006	rts	6036242	vest	sport	Sport	6	22	https://www.rts.rs/sport/tenis/6036242/ju-es-open-selton-alkaraz-2026.html	"Bez ikakve sumnje, ovo je meč u kojem sam najviše uživao tokom cele svoje karijere"", rekao je Šelton na konferenciji za medije, preneli su američki mediji."
rts-6036242-007	rts	6036242	vest	sport	Sport	7	22	https://www.rts.rs/sport/tenis/6036242/ju-es-open-selton-alkaraz-2026.html	Šelton je izgubio prvi set od Alkaraza, a potom je zaigrao angažovanije.
rts-6036242-008	rts	6036242	vest	sport	Sport	8	22	https://www.rts.rs/sport/tenis/6036242/ju-es-open-selton-alkaraz-2026.html	"""Uspeo sam da mu oduzmem servis u poslednjem gemu pre taj-brejka."
rts-6036242-009	rts	6036242	vest	sport	Sport	9	22	https://www.rts.rs/sport/tenis/6036242/ju-es-open-selton-alkaraz-2026.html	To mi je omogućilo da u drugi set uđem sa više samopouzdanja.
rts-6030572-018	rts	6030572	vest	sport	Sport	18	29	https://www.rts.rs/sport/auto-moto/F1vesti/6030572/monca-ferari-sumaher-specijalni-dizajn-bolid-formula-1-2026-monca.html	Proslava se neće ograničiti samo na dizajn bolida.
rts-6030572-019	rts	6030572	vest	sport	Sport	19	29	https://www.rts.rs/sport/auto-moto/F1vesti/6030572/monca-ferari-sumaher-specijalni-dizajn-bolid-formula-1-2026-monca.html	Tokom trkačkog vikenda u Monci, publika će imati priliku da na stazi vidi tri legendarna Šumaherova Ferarija.
rts-6030572-020	rts	6030572	vest	sport	Sport	20	29	https://www.rts.rs/sport/auto-moto/F1vesti/6030572/monca-ferari-sumaher-specijalni-dizajn-bolid-formula-1-2026-monca.html	Planirane su demonstracione vožnje modela F310 iz 1996.
rts-6030572-021	rts	6030572	vest	sport	Sport	21	29	https://www.rts.rs/sport/auto-moto/F1vesti/6030572/monca-ferari-sumaher-specijalni-dizajn-bolid-formula-1-2026-monca.html	godine, šampionskog F2002, jednog od najdominantnijih bolida u istoriji Formule 1, kao i modela 248 F1 iz 2006.
rts-6030572-022	rts	6030572	vest	sport	Sport	22	29	https://www.rts.rs/sport/auto-moto/F1vesti/6030572/monca-ferari-sumaher-specijalni-dizajn-bolid-formula-1-2026-monca.html	Posebnu pažnju privlači najava da će za volanom modela F2002 u počasnim krugovima biti Šumaherov bivši timski kolega Rubens Barikelo i njegov bliski prijatelj, četvorostruki svetski šampion Sebastijan Fetel.
rts-6030572-023	rts	6030572	vest	sport	Sport	23	29	https://www.rts.rs/sport/auto-moto/F1vesti/6030572/monca-ferari-sumaher-specijalni-dizajn-bolid-formula-1-2026-monca.html	Ferarijev muzej u Maranelu takođe će biti deo proslave.
rts-6030572-024	rts	6030572	vest	sport	Sport	24	29	https://www.rts.rs/sport/auto-moto/F1vesti/6030572/monca-ferari-sumaher-specijalni-dizajn-bolid-formula-1-2026-monca.html	Od četvrtog do tridesetog septembra biće postavljena posebna izložba posvećena Šumaheru, gde će posetioci moći da vide pet bolida sa kojima je osvajao šampionske titule od 2000.
rts-6030572-025	rts	6030572	vest	sport	Sport	25	29	https://www.rts.rs/sport/auto-moto/F1vesti/6030572/monca-ferari-sumaher-specijalni-dizajn-bolid-formula-1-2026-monca.html	Monca ima posebno mesto u Šumaherovoj karijeri.
rts-6019877-010	rts	6019877	vest	hronika	Hronika	10	24	https://www.rts.rs/vesti/hronika/6019877/ubistvo-mma-borac-stefan-savic-optuznica.html	godine, doneli odluku da mu se osvete jer je tokom tog sukoba Marku D.
rts-6019877-011	rts	6019877	vest	hronika	Hronika	11	24	https://www.rts.rs/vesti/hronika/6019877/ubistvo-mma-borac-stefan-savic-optuznica.html	polomljena donja vilica, uprkos činjenici da su istom prilikom sva trojica aktivno učestvovala u tuči i zadobila povrede, a svoju nameru okrivljeni su odlučili da ostvare kritične večeri.
rts-6019877-012	rts	6019877	vest	hronika	Hronika	12	24	https://www.rts.rs/vesti/hronika/6019877/ubistvo-mma-borac-stefan-savic-optuznica.html	"Pošto su na ulazu u ugostiteljski objekat u Dobračinoj ulici videli oštećenog, počeli su da mu se obraćaju uvredljivim rečima i pretećim tonom, na šta im je oštećeni odgovorio ""nemojte ovde“ i odmah krenuo da beži trčećim korakom ka Dunavskoj ulici, u kojoj su ga okrivljeni sustigli."
rts-6019877-013	rts	6019877	vest	hronika	Hronika	13	24	https://www.rts.rs/vesti/hronika/6019877/ubistvo-mma-borac-stefan-savic-optuznica.html	je vukao oštećenog i saplitao, zamahujući rukama ka njemu, sve kako bi ga oborio na trotoar, što je i uspeo, da bi posle par sekundi dotrčao i Vasilije G., pa su oštećenog istovremeno i zajedno iz obesti zlostavljali i udarali, navodi tužilaštvo.
rts-6019877-014	rts	6019877	vest	hronika	Hronika	14	24	https://www.rts.rs/vesti/hronika/6019877/ubistvo-mma-borac-stefan-savic-optuznica.html	Vasilije G. je nožem, koji je imao kod sebe, sukcesivno zadao oštećenom ukupno 10 ubodnih rana na desnoj bočnoj strani trupa i donjim udovima, kao i sekotinu na desnoj podlaktici, navodi se u saopštenju.
rts-6019877-015	rts	6019877	vest	hronika	Hronika	15	24	https://www.rts.rs/vesti/hronika/6019877/ubistvo-mma-borac-stefan-savic-optuznica.html	je sve vreme udarao oštećenog u glavu i gornji deo tela, zadržavajući ga u ležećem položaju, na koji način je omogućio Vasiliju G. nesmetano ubadanje, ujedno onemogućavajući oštećenog da se odbrani od istovremenih udaraca i uboda.
rts-6019877-016	rts	6019877	vest	hronika	Hronika	16	24	https://www.rts.rs/vesti/hronika/6019877/ubistvo-mma-borac-stefan-savic-optuznica.html	U toku trajanja napada iz vozila koje se zaustavilo na kolovozu, izašao je oštećeni S.
rts-6019877-017	rts	6019877	vest	hronika	Hronika	17	24	https://www.rts.rs/vesti/hronika/6019877/ubistvo-mma-borac-stefan-savic-optuznica.html	"i prišao okrivljenima, obraćajući im se rečima: ""Sklonite se od tog dečka“, ""bežite odavde“, ""šta to radite, prebili ste momka“, odgurnuvši ih sa namerom da spreči dalji napad, na šta su okrivljeni ustuknuli nakratko, da bi nedugo zatim Vasilije G. krenuo ka oštećenom S."
rts-6027577-023	rts	6027577	vest	hronika	Hronika	23	44	https://www.rts.rs/vesti/hronika/6027577/pozari-sumski-na-otvorenom-deliblatska-pescara-stolovi.html	"""Zbog specifičnosti Deliblatske peščare, želimo što pre da završimo ovu intervenciju."
rts-6027577-024	rts	6027577	vest	hronika	Hronika	24	44	https://www.rts.rs/vesti/hronika/6027577/pozari-sumski-na-otvorenom-deliblatska-pescara-stolovi.html	"Nadamo se, ako izađemo iz vikenda da nemamo većih razgorevanja i rasplamsavanja, da ćemo moći da odahnemo i da naziremo pobedu nad ovom elementarnom nepogodom"", rekao je Čaušić."
rts-6027577-025	rts	6027577	vest	hronika	Hronika	25	44	https://www.rts.rs/vesti/hronika/6027577/pozari-sumski-na-otvorenom-deliblatska-pescara-stolovi.html	Na pitanje o uzroku požara u Deliblatskoj peščari, Čaušić je rekao da se još sa sigurnošću ne zna šta je uzrok i da je istraga u toku.
rts-6027577-026	rts	6027577	vest	hronika	Hronika	26	44	https://www.rts.rs/vesti/hronika/6027577/pozari-sumski-na-otvorenom-deliblatska-pescara-stolovi.html	''Policijska uprava Pančevo je fenomenalno obavila svoj posao i odmah zatražila konsultaciju Tužilaštva u Smederevu.
rts-6027577-027	rts	6027577	vest	hronika	Hronika	27	44	https://www.rts.rs/vesti/hronika/6027577/pozari-sumski-na-otvorenom-deliblatska-pescara-stolovi.html	Oni su rekli da će pristupiti uviđaju kada to bude moguće i siguran sam da će uskoro da se utvrdi konkretan uzrok'', rekao je Čaušić.
rts-6027577-028	rts	6027577	vest	hronika	Hronika	28	44	https://www.rts.rs/vesti/hronika/6027577/pozari-sumski-na-otvorenom-deliblatska-pescara-stolovi.html	Naveo je da se po snimcima vidi da se požar u jednom danu proširio na 200-300 hektara u sredini Deliblatske peščare i da nije moglo da se fizički priđe mestu požara.
rts-6027577-029	rts	6027577	vest	hronika	Hronika	29	44	https://www.rts.rs/vesti/hronika/6027577/pozari-sumski-na-otvorenom-deliblatska-pescara-stolovi.html	''Čak su i modeli veštačke inteligencije sugerisali ono što smo taktički znali, da napravimo protivpožarne preseke i da bi tu trebalo da držimo požar.
rts-6027577-030	rts	6027577	vest	hronika	Hronika	30	44	https://www.rts.rs/vesti/hronika/6027577/pozari-sumski-na-otvorenom-deliblatska-pescara-stolovi.html	Međutim, zbog vetra i ogromne količine gorivnog materijala ti preseci su prebačeni i borili smo se bukvalno za svaku kuću'', istakao je Čaušić.
rts-6035767-006	rts	6035767	vest	hronika	Hronika	6	35	https://www.rts.rs/vesti/hronika/6035767/aktivna-44-pozara-na-otvorenom--iljusin-i-helikopteri-mup-a-i-danas-iznad-suve-planine-voda-stize-u-rancevima-i-na-konjima.html	Pripadnici Sektora za vanredne situacije, dodao je, zajedno sa svim angažovanim snagama neprekidno nastavljaju angažovanje na požarištima kako bi zaštitili živote i imovinu građana.
rts-6035767-007	rts	6035767	vest	hronika	Hronika	7	35	https://www.rts.rs/vesti/hronika/6035767/aktivna-44-pozara-na-otvorenom--iljusin-i-helikopteri-mup-a-i-danas-iznad-suve-planine-voda-stize-u-rancevima-i-na-konjima.html	"""Još jednom apelujem na građane da budu veoma oprezni prilikom upotrebe otvorenog plamena, a ukoliko primete požar, da odmah o tome obaveste na broj telefona 193"", poručio je Dačić."
rts-6035767-008	rts	6035767	vest	hronika	Hronika	8	35	https://www.rts.rs/vesti/hronika/6035767/aktivna-44-pozara-na-otvorenom--iljusin-i-helikopteri-mup-a-i-danas-iznad-suve-planine-voda-stize-u-rancevima-i-na-konjima.html	U blizini regionalne deponije Gigoš u Jagodini kasno popodne izbio je požar koji se proširio na oko 20 hektara trave i niskog rastinja.
rts-6035767-009	rts	6035767	vest	hronika	Hronika	9	35	https://www.rts.rs/vesti/hronika/6035767/aktivna-44-pozara-na-otvorenom--iljusin-i-helikopteri-mup-a-i-danas-iznad-suve-planine-voda-stize-u-rancevima-i-na-konjima.html	Vatrom je delimično zahvaćeno i područje gde je mlada borovina.
rts-6035767-010	rts	6035767	vest	hronika	Hronika	10	35	https://www.rts.rs/vesti/hronika/6035767/aktivna-44-pozara-na-otvorenom--iljusin-i-helikopteri-mup-a-i-danas-iznad-suve-planine-voda-stize-u-rancevima-i-na-konjima.html	Vatrogasne ekipe su na terenu i rade na lokalizaciji požara.
rts-6035767-011	rts	6035767	vest	hronika	Hronika	11	35	https://www.rts.rs/vesti/hronika/6035767/aktivna-44-pozara-na-otvorenom--iljusin-i-helikopteri-mup-a-i-danas-iznad-suve-planine-voda-stize-u-rancevima-i-na-konjima.html	Situacija sa požarom na Suvoj planini jutros je nešto bolja nego tokom jučerašnjeg dana, ali je neophodan oprez jer jak vetar može ponovo da rasplamsa vatru i poništi rad vatrogasaca, kaže za RTS načelnik Sektora za vanredne situacije u Nišu Srđan Mitrović.
rts-6035767-012	rts	6035767	vest	hronika	Hronika	12	35	https://www.rts.rs/vesti/hronika/6035767/aktivna-44-pozara-na-otvorenom--iljusin-i-helikopteri-mup-a-i-danas-iznad-suve-planine-voda-stize-u-rancevima-i-na-konjima.html	"""Jutros je situacija za nijansu bolja nego tokom jučerašnjeg dana."
rts-6035767-013	rts	6035767	vest	hronika	Hronika	13	35	https://www.rts.rs/vesti/hronika/6035767/aktivna-44-pozara-na-otvorenom--iljusin-i-helikopteri-mup-a-i-danas-iznad-suve-planine-voda-stize-u-rancevima-i-na-konjima.html	Međutim, moramo biti oprezni jer vremenski uslovi i prilike mogu da pokvare kompletan rad vatrogasaca prethodnog dana.
